fileNumber,mechanism,depth,holdIterations,lossMethod,trainedBestLoss,featureRMS_mV,featureBestIteration,balancedRMS_mV,balancedBestIteration,structuralIoU,structuralBestIteration,structuralComponents,partScore,partBestIteration,partCoverage,partSeparation,partSpurious
1600,Gpol-only,1,100,correlation,0.9465511226887319,35.1772,338,34.1785,2904,0.3684,2726,6,6.0174,2726,2.1667,4,0.0746
1601,Gpol-only,1,100,correlation,0.9190532427412347,35.0634,329,33.7743,2999,0.3684,2829,6,6.0174,2829,2.1667,4,0.0746
1602,Gpol-only,1,100,correlation,1.0715502088492381,35.8985,2748,34.878,2732,0.3333,2706,6,5.9577,2706,2.1667,4,0.1045
1603,Gpol-only,1,100,correlation,0.8756581178768713,35.7032,336,33.886,2999,0.375,2838,6,5.7736,2838,1.8333,4,0.0299
1604,Gpol-only,1,100,correlation,1.0448858316398704,33.7493,332,34.5867,2969,0.3125,2145,5,5.6542,2921,1.8333,4,0.0896
1605,Gpol-only,1,100,correlation,1.003250976870292,35.7101,333,36.1359,324,0.25,2971,4,5.1716,1746,1.5,4,0.1642
1606,Gpol-only,1,100,globalsum,3.508065082549157,34.4348,2999,33.1754,2999,0.4118,2984,6,6.0771,2984,2.1667,4,0.0448
1607,Gpol-only,1,100,globalsum,3.50828415516556,29.4376,1787,32.7086,1784,0.3889,2983,7,5.6119,1714,2.0,4,0.194
1608,Gpol-only,1,100,globalsum,3.438768674970495,27.4485,2924,29.6711,2926,0.5263,2791,4,3.9104,2746,2.0,2,0.0448
1609,Gpol-only,1,100,globalsum,3.513098736152297,34.5605,332,34.3351,2957,0.375,2804,6,5.7736,2804,1.8333,4,0.0299
1610,Gpol-only,1,100,globalsum,3.508144533395505,35.0773,2999,33.3864,2945,0.4375,2858,6,6.107,2858,2.1667,4,0.0299
1611,Gpol-only,1,100,globalsum,3.494269920667775,30.9349,1915,32.7694,2999,0.3158,2985,9,5.5174,2985,1.6667,4,0.0746
1612,Gpol-only,2,100,correlation,0.8624633511994259,25.0503,2594,28.8008,2589,0.55,2547,5,6.2139,1120,2.3333,4,0.0597
1613,Gpol-only,2,100,correlation,0.7422593362355807,27.8836,1496,31.9192,1541,0.4118,2887,6,6.3259,1536,2.8333,4,0.2537
1614,Gpol-only,2,100,correlation,1.0790423618501728,29.3221,1447,32.9525,1440,0.3571,2344,3,5.5647,1765,1.8333,4,0.1343
1615,Gpol-only,2,100,correlation,0.7053225154936126,26.6079,1641,30.5939,1642,0.5,2851,5,6.6891,1639,3.1667,4,0.2388
1616,Gpol-only,2,100,correlation,0.7353529359969488,31.7533,1424,32.3522,1620,0.4118,2628,6,5.3085,1287,1.6667,4,0.1791
1617,Gpol-only,2,100,correlation,0.6791279190306798,23.7634,2650,28.8134,2651,0.6875,2775,3,6.5348,2608,2.8333,4,0.1493
1618,Gpol-only,2,100,globalsum,3.6896410171809797,33.6325,1150,33.5173,1141,0.3478,1116,9,4.2139,944,1.3333,3,0.0597
1619,Gpol-only,2,100,globalsum,3.7374779400740135,33.2657,1695,33.8648,1320,0.2941,2039,7,5.9154,1668,2.3333,4,0.209
1620,Gpol-only,2,100,globalsum,3.7065856785430826,34.8285,2999,32.9733,1336,0.3636,1322,7,5.8682,2878,2.1667,4,0.1493
1621,Gpol-only,2,100,globalsum,3.5747698333497033,27.1261,1314,30.4402,1313,0.5294,2968,6,6.5348,1290,2.8333,4,0.1493
1622,Gpol-only,2,100,globalsum,3.76524843439393,36.3716,2302,35.0418,1092,0.4,1817,3,5.107,2867,1.1667,4,0.0299
1623,Gpol-only,2,100,globalsum,3.732803180539944,31.8707,1344,34.4591,1342,0.3529,1768,3,5.4876,2787,1.6667,4,0.0896
1624,Gpol+Vmem,1,100,correlation,0.8138129471016567,32.366,1877,32.0759,2860,0.4444,2831,4,6.2139,2831,2.3333,4,0.0597
1625,Gpol+Vmem,1,100,correlation,0.8798168591707882,32.281,2931,32.0729,2911,0.4444,2891,6,6.3806,2891,2.5,4,0.0597
1626,Gpol+Vmem,1,100,correlation,0.8989655066923146,31.0898,2946,32.4107,2934,0.5,2900,7,5.2139,2900,2.3333,3,0.0597
1627,Gpol+Vmem,1,100,correlation,0.8603211239988267,36.6072,360,34.5908,99,0.3333,1185,7,5.7786,882,2.1667,4,0.194
1628,Gpol+Vmem,1,100,correlation,0.8751030519761475,33.7826,1935,32.6178,1934,0.5,1922,5,6.2736,1922,2.3333,4,0.0299
1629,Gpol+Vmem,1,100,correlation,0.8633197349046151,38.6547,2778,34.9649,99,0.3529,2879,4,5.5771,2879,1.6667,4,0.0448
1630,Gpol+Vmem,1,100,globalsum,3.5470321373910565,36.0419,2770,33.694,99,0.4118,2734,5,5.9104,2734,2.0,4,0.0448
1631,Gpol+Vmem,1,100,globalsum,3.482654164544983,30.5406,2780,31.3303,2905,0.4737,2739,7,6.5174,2739,2.6667,4,0.0746
1632,Gpol+Vmem,1,100,globalsum,3.5442379936488324,33.2795,2794,32.8919,2904,0.4444,2764,7,5.0473,2764,2.1667,3,0.0597
1633,Gpol+Vmem,1,100,globalsum,3.6770737845396733,33.1756,1924,33.2503,99,0.4211,1893,7,6.0174,1893,2.1667,4,0.0746
1634,Gpol+Vmem,1,100,globalsum,3.68436922624732,37.5529,380,34.594,99,0.375,2981,8,5.607,2981,1.6667,4,0.0299
1635,Gpol+Vmem,1,100,globalsum,3.328504862593356,29.3277,2854,30.1543,2904,0.6429,2885,4,6.6667,2885,2.6667,4,0.0
1636,Gpol+Vmem,2,100,correlation,0.9312923350386381,33.6429,1070,34.2436,1060,0.3158,2902,3,5.9453,1041,2.3333,4,0.194
1637,Gpol+Vmem,2,100,correlation,0.8938587980107972,23.3286,1139,28.5483,1139,0.5455,1126,4,7.0945,1126,3.3333,4,0.1194
1638,Gpol+Vmem,2,100,correlation,0.8730003714149799,16.3962,2761,25.8776,2810,0.625,791,5,7.4279,2965,3.6667,4,0.1194
1639,Gpol+Vmem,2,100,correlation,0.8324012330805987,26.4479,2318,29.1405,2317,0.5789,2295,9,6.8507,2295,3.0,4,0.0746
1640,Gpol+Vmem,2,100,correlation,0.9134528613363712,31.1628,1023,31.5712,1018,0.5625,776,5,6.2612,1453,2.5,4,0.1194
1641,Gpol+Vmem,2,100,correlation,0.8349824097835621,37.1979,643,34.7985,1126,0.3333,692,5,5.5174,1097,1.6667,4,0.0746
1642,Gpol+Vmem,2,100,globalsum,3.2994334293901293,30.5256,796,31.4116,796,0.5,766,4,6.5473,766,2.6667,4,0.0597
1643,Gpol+Vmem,2,100,globalsum,3.6704644934093364,35.0235,2999,34.0222,550,0.3889,527,3,5.8507,2983,2.0,4,0.0746
1644,Gpol+Vmem,2,100,globalsum,3.5808994985439173,36.0276,2981,34.3081,2980,0.2857,1478,6,4.4577,1478,1.6667,3,0.1045
1645,Gpol+Vmem,2,100,globalsum,3.6090255660693553,16.2629,2953,25.3845,2948,0.5417,2918,7,7.3682,2918,3.6667,4,0.1493
1646,Gpol+Vmem,2,100,globalsum,3.505658779405898,31.8246,2638,31.7771,2707,0.5625,2747,6,6.4403,2747,2.5,4,0.0299
1647,Gpol+Vmem,2,100,globalsum,3.407973998006252,38.7232,2941,34.3446,2984,0.375,2984,3,5.0821,1405,1.5,4,0.209
1648,Gpol-only,1,301,correlation,0.85619653559182,29.224,2932,30.8264,2927,0.5263,2915,4,6.107,2336,2.1667,4,0.0299
1649,Gpol-only,1,301,correlation,0.7986033242259044,34.3665,2825,33.7151,2845,0.4667,2944,5,6.1368,2944,2.1667,4,0.0149
1650,Gpol-only,1,301,correlation,1.1349718532829018,36.8001,288,36.7134,258,0.1905,1530,7,5.1119,1642,1.5,4,0.194
1651,Gpol-only,1,301,correlation,0.8157288160129544,32.8384,2714,32.6111,2888,0.4444,2692,6,6.2139,2692,2.3333,4,0.0597
1652,Gpol-only,1,301,correlation,0.760735167798078,23.7429,2636,28.1743,2661,0.5556,2890,5,6.9876,2638,3.1667,4,0.0896
1653,Gpol-only,1,301,correlation,0.9540960936388411,34.8885,2767,34.2714,2816,0.4,2912,8,6.1542,2912,2.3333,4,0.0896
1654,Gpol-only,1,301,globalsum,3.6308149469056397,18.8106,2999,26.7016,2999,0.4444,2986,5,5.9453,2872,2.3333,4,0.194
1655,Gpol-only,1,301,globalsum,3.5881514329195543,19.5907,2941,26.8463,2942,0.4444,2905,5,5.4453,1647,1.8333,4,0.194
1656,Gpol-only,1,301,globalsum,3.5618709395600034,23.6498,2999,28.5276,2999,0.4783,2955,5,6.5945,2764,2.8333,4,0.1194
1657,Gpol-only,1,301,globalsum,3.675953455084951,31.8238,2999,32.8598,2985,0.381,2930,6,4.0473,2013,1.1667,3,0.0597
1658,Gpol-only,1,301,globalsum,3.7317344097775105,25.2233,2999,30.0162,2999,0.3158,2724,9,5.6953,2940,2.0833,4,0.194
1659,Gpol-only,1,301,globalsum,3.6254631943237237,35.2001,2999,33.8478,2999,0.3571,2130,3,5.9876,2988,2.1667,4,0.0896
1660,Gpol-only,2,301,correlation,0.7519270345151229,32.6906,2650,33.1511,1090,0.4444,1079,6,6.0697,2639,2.6667,4,0.2985
1661,Gpol-only,2,301,correlation,0.5953229746015423,24.4698,2524,29.0635,2512,0.5,1124,3,5.7015,2495,3.0,3,0.1493
1662,Gpol-only,2,301,correlation,0.7542026092872632,27.1823,2904,29.6577,2905,0.6471,2982,6,5.9104,2982,3.0,3,0.0448
1663,Gpol-only,2,301,correlation,0.5651545449679815,30.2146,2405,32.4555,2388,0.4,1057,6,5.9876,1057,2.1667,4,0.0896
1664,Gpol-only,2,301,correlation,0.8193637598670507,27.0214,2360,30.0073,2360,0.5263,2561,6,6.5174,2561,2.6667,4,0.0746
1665,Gpol-only,2,301,correlation,0.5898445721880832,24.9978,2479,29.5824,2471,0.5333,2801,3,6.0647,2418,2.3333,4,0.1343
1666,Gpol-only,2,301,globalsum,3.497334830961411,32.5332,979,32.0816,978,0.4444,946,4,6.2139,946,2.3333,4,0.0597
1667,Gpol-only,2,301,globalsum,3.4931155078715004,25.1286,2474,29.0434,2448,0.5,2400,7,5.7015,2639,3.0,3,0.1493
1668,Gpol-only,2,301,globalsum,3.26992058890146,28.5378,2559,30.8593,2558,0.6429,2928,3,5.5,2928,2.5,3,0.0
1669,Gpol-only,2,301,globalsum,3.4178594842582477,33.7099,2494,32.5795,2999,0.4667,2028,4,6.3209,2988,2.5,4,0.0896
1670,Gpol-only,2,301,globalsum,3.706730772433158,32.7509,2665,32.482,2236,0.4667,2187,4,6.1418,2955,2.5,4,0.1791
1671,Gpol-only,2,301,globalsum,3.463305679626226,26.8491,2570,30.1093,2571,0.5,2587,5,5.9577,1080,2.1667,4,0.1045
1672,Gpol+Vmem,1,301,correlation,0.9945498731591678,30.3846,1530,29.437,300,0.3571,702,3,5.5821,1499,2.0,4,0.209
1673,Gpol+Vmem,1,301,correlation,0.7981222288181349,30.7932,1683,31.3887,256,0.5625,1746,5,6.607,1746,2.6667,4,0.0299
1674,Gpol+Vmem,1,301,correlation,0.7708466730449451,35.2236,1946,31.9449,256,0.375,749,3,6.0174,2878,2.1667,4,0.0746
1675,Gpol+Vmem,1,301,correlation,0.9518323422169062,34.5254,842,29.7483,300,0.3478,813,4,5.5174,2894,1.6667,4,0.0746
1676,Gpol+Vmem,1,301,correlation,0.8922849171816138,35.0372,856,31.9278,262,0.381,834,5,5.4876,803,1.6667,4,0.0896
1677,Gpol+Vmem,1,301,correlation,0.8747499003535888,41.6744,289,33.3212,257,0.1875,2851,4,3.7438,872,0.8333,3,0.0448
1678,Gpol+Vmem,1,301,globalsum,3.3669674797014184,25.6654,1831,29.7484,1831,0.625,845,5,6.5945,1795,2.8333,4,0.1194
1679,Gpol+Vmem,1,301,globalsum,3.547443779756497,28.9756,316,28.6614,300,0.32,2090,6,5.9279,2055,2.1667,4,0.1194
1680,Gpol+Vmem,1,301,globalsum,3.771537012594649,29.4292,349,28.501,300,0.375,502,1,5.8682,1566,2.1667,4,0.1493
1681,Gpol+Vmem,1,301,globalsum,3.7762199258526072,37.7136,2552,31.6157,254,0.3333,2531,5,5.4751,1026,1.8333,4,0.1791
1682,Gpol+Vmem,1,301,globalsum,3.488269384515082,32.7322,2082,30.6523,264,0.3333,2423,4,5.107,1359,1.1667,4,0.0299
1683,Gpol+Vmem,1,301,globalsum,3.5119470208037575,29.9853,2202,31.5954,2205,0.625,2242,6,6.9403,2242,3.0,4,0.0299
1684,Gpol+Vmem,2,301,correlation,0.7445385414484041,31.7977,2031,33.3186,2031,0.4091,2078,2,5.9279,1970,2.1667,4,0.1194
1685,Gpol+Vmem,2,301,correlation,0.725950468217989,24.317,1596,29.3908,1809,0.6471,1794,5,5.9104,1794,3.0,3,0.0448
1686,Gpol+Vmem,2,301,correlation,0.6180944845185704,36.9164,2668,32.871,2999,0.5,2858,3,4.9876,909,1.1667,4,0.0896
1687,Gpol+Vmem,2,301,correlation,0.8345180280968225,31.4326,1093,31.8548,886,0.6429,853,3,6.291,1813,2.5,4,0.1045
1688,Gpol+Vmem,2,301,correlation,0.8415619677409165,33.2485,916,32.7318,904,0.5,874,4,5.6542,1900,1.8333,4,0.0896
1689,Gpol+Vmem,2,301,correlation,0.8189480179016134,34.7432,1970,34.5689,1919,0.3571,771,3,5.3383,1205,1.6667,4,0.1642
1690,Gpol+Vmem,2,301,globalsum,3.539894368729449,24.2866,2920,28.8003,2924,0.55,2943,6,6.9876,2943,3.1667,4,0.0896
1691,Gpol+Vmem,2,301,globalsum,3.2333930636860386,16.5106,2997,23.5371,2983,0.7647,2949,7,7.5771,2949,3.6667,4,0.0448
1692,Gpol+Vmem,2,301,globalsum,3.5165527754832255,21.2548,1489,28.4911,1477,0.4138,1456,5,5.9453,1425,2.3333,4,0.194
1693,Gpol+Vmem,2,301,globalsum,3.4897600187672757,34.0023,1731,35.0691,1761,0.3571,2770,3,5.9453,1791,2.3333,4,0.194
1694,Gpol+Vmem,2,301,globalsum,3.4843534398939378,34.3205,2670,33.6468,2924,0.4706,2930,3,5.4701,2977,1.5,4,0.0149
1695,Gpol+Vmem,2,301,globalsum,3.455087138596541,28.584,2996,30.1635,2989,0.5263,2966,4,6.6841,2966,2.8333,4,0.0746
1696,Gpol-only,1,100,correlation,0.9086646479967364,34.7976,331,33.4651,2958,0.4375,2778,6,6.107,2778,2.1667,4,0.0299
1697,Gpol-only,1,100,correlation,0.6665987929872889,34.6845,2553,32.9099,2932,0.5714,2906,6,6.3333,2906,2.3333,4,0.0
1698,Gpol-only,1,100,correlation,0.9161116955162764,35.5105,334,36.0808,325,0.2778,2943,8,4.2139,2943,1.3333,3,0.0597
1699,Gpol-only,1,100,correlation,0.9056175559806877,33.0337,2906,32.5432,2904,0.4211,2866,6,5.0174,2866,2.1667,3,0.0746
1700,Gpol-only,1,100,correlation,0.8133729953087359,35.6881,338,34.0834,2999,0.3889,2671,7,5.291,1673,1.5,4,0.1045
1701,Gpol-only,1,100,correlation,0.9352230354949187,30.0433,2999,31.4751,2999,0.4286,2984,10,6.4577,2984,2.6667,4,0.1045
1702,Gpol-only,1,100,globalsum,3.4824184224254,34.9215,2999,33.2185,2999,0.4118,2957,6,6.0771,2957,2.1667,4,0.0448
1703,Gpol-only,1,100,globalsum,3.4788113611051132,34.2641,331,33.3951,2997,0.4118,2984,6,6.0771,2984,2.1667,4,0.0448
1704,Gpol-only,1,100,globalsum,3.7019279095901876,35.6239,2955,34.4023,2744,0.3684,2706,6,6.0174,2706,2.1667,4,0.0746
1705,Gpol-only,1,100,globalsum,3.3931524367067394,24.8344,2999,28.2173,2999,0.5882,2992,7,6.5771,2992,2.6667,4,0.0448
1706,Gpol-only,1,100,globalsum,3.4803533544442793,34.3348,2832,32.9015,2999,0.4118,2753,6,4.7438,2753,1.8333,3,0.0448
1707,Gpol-only,1,100,globalsum,3.4823948402311595,34.9156,333,34.2409,2932,0.4286,2913,4,5.8333,2913,1.8333,4,0.0
1708,Gpol-only,2,100,correlation,0.7706948720814824,28.1001,1381,31.2435,1390,0.5,2767,5,6.4751,1386,2.8333,4,0.1791
1709,Gpol-only,2,100,correlation,0.8858894167174598,33.2662,1144,32.7478,1131,0.3636,1111,7,4.3682,2878,1.6667,3,0.1493
1710,Gpol-only,2,100,correlation,0.8770165510063626,31.7056,2638,33.7823,2646,0.4211,2957,7,4.6542,812,1.8333,3,0.0896
1711,Gpol-only,2,100,correlation,0.7745343337455372,31.4277,2553,32.761,1274,0.5714,2890,3,5.9154,1250,2.3333,4,0.209
1712,Gpol-only,2,100,correlation,0.8922013158725852,32.7937,2761,32.4882,2723,0.5625,2871,5,5.7612,1430,2.0,4,0.1194
1713,Gpol-only,2,100,correlation,0.8357863458721208,33.7508,2428,33.481,2419,0.381,2410,7,5.3682,1212,1.6667,4,0.1493
1714,Gpol-only,2,100,globalsum,3.487047238218706,27.2535,1209,30.1826,1205,0.4545,1384,4,6.5945,1384,2.8333,4,0.1194
1715,Gpol-only,2,100,globalsum,3.617398678655606,23.3777,2941,28.7304,2939,0.3929,2902,6,6.291,1893,2.5,4,0.1045
1716,Gpol-only,2,100,globalsum,3.594218386567889,15.9981,2660,25.4487,2663,0.5714,2912,4,7.3682,2670,3.6667,4,0.1493
1717,Gpol-only,2,100,globalsum,3.6419518453337485,16.6614,2999,25.769,2999,0.5909,2982,9,7.4279,2982,3.6667,4,0.1194
1718,Gpol-only,2,100,globalsum,3.566664947433457,29.3983,2978,30.9501,2847,0.4737,2707,6,5.1841,2707,2.3333,3,0.0746
1719,Gpol-only,2,100,globalsum,3.509348418021002,33.6603,1448,34.2255,1442,0.3478,1561,9,6.0647,1561,2.3333,4,0.1343
1720,Gpol+Vmem,1,100,correlation,0.9568933326780225,36.4934,2080,35.226,99,0.2917,2071,7,5.8682,2071,2.1667,4,0.1493
1721,Gpol+Vmem,1,100,correlation,0.8681954076323332,33.3621,1042,34.4767,1039,0.3478,1179,5,5.505,997,1.8333,4,0.1642
1722,Gpol+Vmem,1,100,correlation,0.8701795136424476,31.128,2694,31.7882,2695,0.5625,2670,6,6.4403,2670,2.5,4,0.0299
1723,Gpol+Vmem,1,100,correlation,1.0139034378795193,32.3896,2287,32.0412,99,0.3478,2260,7,5.898,2260,2.1667,4,0.1343
1724,Gpol+Vmem,1,100,correlation,0.819793240293438,36.1865,2716,33.6387,2792,0.4667,2793,4,4.9701,2793,2.0,3,0.0149
1725,Gpol+Vmem,1,100,correlation,0.8592151703320987,34.6111,1760,35.0816,99,0.2917,1739,9,5.8682,1739,2.1667,4,0.1493
1726,Gpol+Vmem,1,100,globalsum,3.6107219411571396,36.1808,573,33.5313,99,0.375,595,3,4.8209,563,2.0,3,0.0896
1727,Gpol+Vmem,1,100,globalsum,3.472561044486332,30.2988,2999,31.0977,2997,0.5625,2978,6,6.4403,2978,2.5,4,0.0299
1728,Gpol+Vmem,1,100,globalsum,3.4609511173717897,34.2654,2915,32.746,2920,0.5,2921,6,6.2736,2921,2.3333,4,0.0299
1729,Gpol+Vmem,1,100,globalsum,3.6391170578468826,31.4279,1828,32.3534,1829,0.5333,1790,4,6.4701,1790,2.5,4,0.0149
1730,Gpol+Vmem,1,100,globalsum,3.3777929204029897,30.4458,2922,30.6703,2920,0.5625,2883,6,6.607,2883,2.6667,4,0.0299
1731,Gpol+Vmem,1,100,globalsum,3.689151354462416,28.3892,2296,31.0631,2296,0.4375,2646,5,6.5348,2279,2.8333,4,0.1493
1732,Gpol+Vmem,2,100,correlation,0.9351516878243669,35.2796,1100,34.6299,1097,0.3889,2875,8,6.0473,2875,2.1667,4,0.0597
1733,Gpol+Vmem,2,100,correlation,0.7454560857109634,37.0561,1398,35.4185,649,0.375,637,5,5.7786,1375,2.1667,4,0.194
1734,Gpol+Vmem,2,100,correlation,0.8313559622576214,27.6249,1057,31.0365,1040,0.5,790,3,6.6244,1288,2.8333,4,0.1045
1735,Gpol+Vmem,2,100,correlation,0.7742241918557913,39.477,703,35.7175,683,0.3571,665,3,5.2612,1449,1.5,4,0.1194
1736,Gpol+Vmem,2,100,correlation,0.8022039580262372,31.128,2505,33.2087,2490,0.4286,2886,3,6.2488,2483,2.6667,4,0.209
1737,Gpol+Vmem,2,100,correlation,0.9373751272859863,30.2948,2597,32.6452,2907,0.4286,2915,6,6.291,2915,2.5,4,0.1045
1738,Gpol+Vmem,2,100,globalsum,3.429456220578357,26.5495,2956,29.1727,2999,0.6111,2978,5,6.5348,1506,2.8333,4,0.1493
1739,Gpol+Vmem,2,100,globalsum,3.723286139852689,31.8608,1071,33.2724,1051,0.3333,1026,8,5.8682,1026,2.1667,4,0.1493
1740,Gpol+Vmem,2,100,globalsum,3.690261980929408,32.4734,2999,33.0146,2999,0.4286,641,3,5.5473,1111,1.6667,4,0.0597
1741,Gpol+Vmem,2,100,globalsum,3.5344281146059657,20.1771,1179,27.454,1179,0.5294,1478,7,7.2786,1173,3.6667,4,0.194
1742,Gpol+Vmem,2,100,globalsum,3.5530948939988463,31.5359,1288,33.2151,1290,0.3636,1419,5,6.0945,1419,2.3333,4,0.1194
1743,Gpol+Vmem,2,100,globalsum,3.58275557580353,30.267,2995,31.9064,2992,0.3478,842,4,5.3507,1429,1.5,4,0.0746
1744,Gpol-only,1,301,correlation,1.056388095314003,35.8889,2853,34.8913,2880,0.25,2094,4,4.107,2094,1.1667,3,0.0299
1745,Gpol-only,1,301,correlation,0.9707300860564477,24.7626,2999,29.3999,2999,0.4,2824,5,6.005,2778,2.3333,4,0.1642
1746,Gpol-only,1,301,correlation,1.1730278969771983,36.7771,288,36.6738,257,0.1905,1540,7,5.0224,1641,1.5,4,0.2388
1747,Gpol-only,1,301,correlation,0.937301244159227,25.2301,2983,29.4175,2983,0.4,2789,5,5.4453,1628,1.8333,4,0.194
1748,Gpol-only,1,301,correlation,0.8889255689660679,31.867,2935,32.2706,2968,0.4211,2976,5,5.4453,1624,1.8333,4,0.194
1749,Gpol-only,1,301,correlation,1.0353438458983326,36.6888,290,36.743,287,0.25,2947,7,4.1542,2947,1.3333,3,0.0896
1750,Gpol-only,1,301,globalsum,3.889919772022133,32.5372,2949,34.1648,2933,0.25,2898,6,4.1294,2863,1.6667,3,0.2687
1751,Gpol-only,1,301,globalsum,3.540575795950096,13.0346,2999,23.5304,2999,0.52,2976,5,6.005,2799,2.3333,4,0.1642
1752,Gpol-only,1,301,globalsum,3.6419138821468198,22.5377,2999,28.4166,2999,0.4074,2972,5,6.005,2711,2.3333,4,0.1642
1753,Gpol-only,1,301,globalsum,3.4777024057082278,32.0243,2999,31.7459,2999,0.5,2969,5,6.2736,2969,2.3333,4,0.0299
1754,Gpol-only,1,301,globalsum,3.5475737597057106,34.4717,2801,33.6746,2844,0.4,2927,5,6.0348,2763,2.3333,4,0.1493
1755,Gpol-only,1,301,globalsum,3.604750264031726,20.6603,2999,27.4994,2999,0.44,2984,5,5.7139,2678,1.8333,4,0.0597
1756,Gpol-only,2,301,correlation,0.7775456647733071,31.4453,2949,31.8069,2961,0.5294,2929,8,6.5771,2929,2.6667,4,0.0448
1757,Gpol-only,2,301,correlation,0.8445311759709243,30.2181,2776,31.1028,2772,0.5,720,5,6.3507,2745,2.5,4,0.0746
1758,Gpol-only,2,301,correlation,0.6871760054690501,28.0569,2407,31.0957,2399,0.4091,2727,5,5.5473,1120,1.6667,4,0.0597
1759,Gpol-only,2,301,correlation,0.6868733991858258,32.7914,2402,33.5184,2999,0.4375,2951,8,5.9403,2951,2.0,4,0.0299
1760,Gpol-only,2,301,correlation,0.7586826467466404,18.6488,2446,26.3054,2434,0.5556,2384,7,5.7612,2396,3.0,3,0.1194
1761,Gpol-only,2,301,correlation,0.5832676288697128,35.0524,1116,32.4346,2999,0.4667,2088,4,5.9876,1112,2.1667,4,0.0896
1762,Gpol-only,2,301,globalsum,3.547595410704265,33.5621,665,32.8513,666,0.5,628,5,5.4403,2910,1.5,4,0.0299
1763,Gpol-only,2,301,globalsum,3.0359227935605975,21.2879,2495,27.2371,2492,0.5455,2602,5,7.0348,2471,3.3333,4,0.1493
1764,Gpol-only,2,301,globalsum,3.7239958281304544,33.1281,1277,32.8978,1024,0.4444,989,4,6.2139,989,2.3333,4,0.0597
1765,Gpol-only,2,301,globalsum,3.465233991283802,22.6491,2600,27.7202,2600,0.5,2312,5,7.005,2588,3.3333,4,0.1642
1766,Gpol-only,2,301,globalsum,3.3253379217210988,32.2144,2999,30.9782,2999,0.4444,2895,7,5.0473,2895,2.1667,3,0.0597
1767,Gpol-only,2,301,globalsum,3.4558578597022627,32.2601,2442,32.5844,2760,0.5,2979,6,6.107,2979,2.1667,4,0.0299
1768,Gpol+Vmem,1,301,correlation,0.9570732280136179,32.2164,2919,31.1751,260,0.4091,2858,9,5.2313,1834,1.5,4,0.1343
1769,Gpol+Vmem,1,301,correlation,0.8719439708682102,33.0536,2773,32.3234,262,0.5333,2745,5,6.1542,1061,2.3333,4,0.0896
1770,Gpol+Vmem,1,301,correlation,0.7454063633081687,23.4395,2726,29.1574,2791,0.7857,2987,4,7.1667,2987,3.1667,4,0.0
1771,Gpol+Vmem,1,301,correlation,0.8950297866571991,32.6458,329,30.4497,300,0.4706,2901,6,5.1716,1952,1.5,4,0.1642
1772,Gpol+Vmem,1,301,correlation,0.6986887631708926,35.6809,1825,30.9814,263,0.4286,2938,3,6.0174,1800,2.1667,4,0.0746
1773,Gpol+Vmem,1,301,correlation,0.7535884726852435,30.7716,2929,31.2412,2928,0.5625,2903,6,6.4403,2903,2.5,4,0.0299
1774,Gpol+Vmem,1,301,globalsum,3.4931108942779705,32.5245,890,30.3783,300,0.4,2946,3,5.4751,1778,1.8333,4,0.1791
1775,Gpol+Vmem,1,301,globalsum,3.5416819028590734,35.3831,2999,31.864,258,0.5,2911,3,5.7736,721,1.8333,4,0.0299
1776,Gpol+Vmem,1,301,globalsum,3.663355960513023,33.4803,2219,32.3246,256,0.4286,749,3,5.7015,2304,2.0,4,0.1493
1777,Gpol+Vmem,1,301,globalsum,3.389469652604471,28.9949,2709,29.694,2742,0.625,2726,6,6.7736,2726,2.8333,4,0.0299
1778,Gpol+Vmem,1,301,globalsum,3.4688905584843983,32.1845,2984,31.7976,2981,0.4737,2969,5,6.5174,2969,2.6667,4,0.0746
1779,Gpol+Vmem,1,301,globalsum,3.627955083811272,33.5348,2999,29.9152,300,0.5,2979,5,5.3209,2508,1.5,4,0.0896
1780,Gpol+Vmem,2,301,correlation,0.9526977863622426,32.1157,1384,32.2938,894,0.5714,858,4,6.3333,858,2.3333,4,0.0
1781,Gpol+Vmem,2,301,correlation,0.7935579897039899,32.6876,1278,33.1417,1061,0.5333,2887,4,6.3035,2887,2.3333,4,0.0149
1782,Gpol+Vmem,2,301,correlation,0.7948572526241234,34.4966,1188,33.2969,821,0.5,805,5,5.107,805,2.1667,3,0.0299
1783,Gpol+Vmem,2,301,correlation,0.7801586514159743,20.9237,1016,26.6028,1002,0.75,956,4,7.4403,2970,3.5,4,0.0299
1784,Gpol+Vmem,2,301,correlation,0.8460907948227228,27.9758,1045,30.1699,1043,0.625,1018,6,6.7736,1018,2.8333,4,0.0299
1785,Gpol+Vmem,2,301,correlation,0.7742950897569737,24.0564,1135,29.0101,1127,0.5714,833,3,6.7612,1094,3.0,4,0.1194
1786,Gpol+Vmem,2,301,globalsum,3.3157854748244087,33.907,2999,31.814,2999,0.5,2949,5,5.3209,825,1.5,4,0.0896
1787,Gpol+Vmem,2,301,globalsum,3.4151625881173397,33.6313,2999,32.0057,2992,0.4444,2964,6,5.0473,2964,2.1667,3,0.0597
1788,Gpol+Vmem,2,301,globalsum,3.7293368819412294,36.8373,2990,35.1183,2994,0.3333,2950,8,5.791,2950,2.0,4,0.1045
1789,Gpol+Vmem,2,301,globalsum,3.474618823178847,32.7635,2940,32.0954,2927,0.381,2904,7,6.1244,2904,2.3333,4,0.1045
1790,Gpol+Vmem,2,301,globalsum,3.566668001804362,35.5014,1357,33.9666,2958,0.35,2935,10,5.8209,2935,2.0,4,0.0896
1791,Gpol+Vmem,2,301,globalsum,3.63945049442757,35.58,2979,34.0259,2999,0.3684,2983,7,5.8507,2983,2.0,4,0.0746
1792,Gpol-only,1,100,facialFeatureOnly,0.03702277869723503,36.1174,2996,36.0879,2905,0.25,2135,5,5.5348,2896,1.8333,4,0.1493
1793,Gpol-only,1,100,facialFeatureOnly,0.031507607993034634,30.8109,2999,34.1611,2891,0.375,2768,6,5.7736,2768,1.8333,4,0.0299
1794,Gpol-only,1,100,facialFeatureOnly,0.029939848779606343,29.2115,2944,33.5679,2945,0.3333,2742,8,5.7139,2742,1.8333,4,0.0597
1795,Gpol-only,1,100,facialFeatureOnly,0.024748278689525997,23.6305,2999,28.9685,2999,0.3704,2876,5,4.898,1571,1.1667,4,0.1343
1796,Gpol-only,1,100,facialFeatureOnly,0.03508356351863008,34.3904,2959,35.7415,2800,0.3125,2092,5,5.505,2788,1.8333,4,0.1642
1797,Gpol-only,1,100,facialFeatureOnly,0.03739176599954811,34.6572,2999,35.2813,2993,0.3571,2115,3,5.107,2826,1.1667,4,0.0299
1798,Gpol-only,1,100,facialFeatureOnly,0.030302472603632655,28.8392,2999,31.7223,2999,0.36,2954,5,4.898,2845,2.1667,3,0.1343
1799,Gpol-only,1,100,facialFeatureOnly,0.027067405176707658,21.6315,2999,28.3402,2999,0.3667,2997,7,6.1057,2976,2.5833,4,0.2388
1800,Gpol-only,1,100,facialFeatureOnly,0.024214244633556977,23.9271,2926,28.8178,2920,0.4783,2892,5,4.898,2892,3.1667,2,0.1343
1801,Gpol-only,1,100,facialFeatureOnly,0.03259597852094701,32.2531,2852,33.6094,2836,0.3125,2082,3,5.0883,2789,1.4167,4,0.1642
1802,Gpol-only,1,100,facialFeatureOnly,0.030178857549989252,28.9127,2988,30.7433,2999,0.4762,2975,5,6.0945,2848,2.3333,4,0.1194
1803,Gpol-only,1,100,facialFeatureOnly,0.03275856791085692,30.7634,2967,32.9073,2962,0.3103,2940,10,6.2189,2940,2.6667,4,0.2239
1804,Gpol-only,2,100,facialFeatureOnly,0.023950071114879477,22.3484,2924,28.3551,2924,0.4444,2898,7,6.0348,1556,2.3333,4,0.1493
1805,Gpol-only,2,100,facialFeatureOnly,0.012682328505398438,10.6446,2940,23.5799,2938,0.4615,2877,6,6.9751,2877,3.3333,4,0.1791
1806,Gpol-only,2,100,facialFeatureOnly,0.027538941763049975,26.8741,2958,30.7802,2956,0.3846,2939,10,6.2015,2907,2.5,4,0.1493
1807,Gpol-only,2,100,facialFeatureOnly,0.022165378575607197,20.5715,2840,27.3866,2831,0.5,2550,7,7.0348,2811,3.3333,4,0.1493
1808,Gpol-only,2,100,facialFeatureOnly,0.037495075434265966,36.7381,2965,36.3259,2965,0.2857,710,3,4.4154,2935,1.8333,3,0.209
1809,Gpol-only,2,100,facialFeatureOnly,0.008762261557709428,8.579,2923,22.7657,2921,0.4375,2873,5,6.7488,1690,3.1667,4,0.209
1810,Gpol-only,2,100,facialFeatureOnly,0.04020166604629519,33.6509,1677,32.6998,1659,0.3043,1644,5,5.1667,1192,1.1667,4,0.0
1811,Gpol-only,2,100,facialFeatureOnly,0.037183871532567435,32.1098,1413,32.932,1273,0.2963,1252,3,5.9154,1538,2.3333,4,0.209
1812,Gpol-only,2,100,facialFeatureOnly,0.018834613905421644,17.6033,2957,25.2752,2947,0.5652,2927,10,7.398,2927,3.6667,4,0.1343
1813,Gpol-only,2,100,facialFeatureOnly,0.03441018036669085,16.2363,1784,26.3328,1775,0.4643,1756,4,6.005,1687,2.3333,4,0.1642
1814,Gpol-only,2,100,facialFeatureOnly,0.025030826262551615,24.8945,2942,29.5003,2918,0.5789,2891,8,6.8507,2891,3.0,4,0.0746
1815,Gpol-only,2,100,facialFeatureOnly,0.019546363355839463,19.4006,2999,27.0972,2926,0.48,2868,11,7.005,2868,3.3333,4,0.1642
1816,Gpol+Vmem,1,100,facialFeatureOnly,0.036923369386490136,35.0703,2652,33.4202,99,0.4211,2627,8,5.8085,797,2.1667,4,0.1791
1817,Gpol+Vmem,1,100,facialFeatureOnly,0.03754097753431763,33.4048,1728,33.0844,2641,0.4,2576,5,6.1244,2619,2.3333,4,0.1045
1818,Gpol+Vmem,1,100,facialFeatureOnly,0.030314159550429386,30.1578,2919,31.9235,2947,0.4286,2888,8,6.4577,2888,2.6667,4,0.1045
1819,Gpol+Vmem,1,100,facialFeatureOnly,0.024502914902910528,20.2758,2999,27.4605,2993,0.5455,2978,10,7.2612,2978,3.5,4,0.1194
1820,Gpol+Vmem,1,100,facialFeatureOnly,0.03411450714000312,33.69,2917,34.2442,2911,0.4286,2232,4,5.8333,2232,1.8333,4,0.0
1821,Gpol+Vmem,1,100,facialFeatureOnly,0.03203666221130078,30.1295,2999,32.0846,2998,0.3913,2968,8,5.291,1626,1.5,4,0.1045
1822,Gpol+Vmem,1,100,facialFeatureOnly,0.02757383070747684,27.2269,2930,30.9974,2924,0.4167,2899,10,5.3682,2899,2.6667,3,0.1493
1823,Gpol+Vmem,1,100,facialFeatureOnly,0.009153201045895594,8.8144,2921,21.3774,2939,0.5385,2877,4,6.505,2865,2.8333,4,0.1642
1824,Gpol+Vmem,1,100,facialFeatureOnly,0.029996112208767675,24.8765,2999,29.879,2999,0.3913,2973,13,6.398,2973,2.6667,4,0.1343
1825,Gpol+Vmem,1,100,facialFeatureOnly,0.032715456567649986,26.6952,2492,29.1505,2491,0.6667,2678,5,6.8035,2678,2.8333,4,0.0149
1826,Gpol+Vmem,1,100,facialFeatureOnly,0.028032264927948282,25.7728,2867,29.5784,2866,0.5789,2845,6,7.0174,2845,3.1667,4,0.0746
1827,Gpol+Vmem,1,100,facialFeatureOnly,0.027905501767390085,27.6576,2897,31.0161,2892,0.4348,2862,7,6.1244,2821,2.3333,4,0.1045
1828,Gpol+Vmem,2,100,facialFeatureOnly,0.022235495627085763,21.5957,2943,29.0152,2944,0.4,2725,8,5.9876,2725,2.1667,4,0.0896
1829,Gpol+Vmem,2,100,facialFeatureOnly,0.03639167995023419,27.944,2480,31.0236,2477,0.5,2623,4,6.6542,2623,2.8333,4,0.0896
1830,Gpol+Vmem,2,100,facialFeatureOnly,0.02639053032762599,26.072,2925,32.2502,2921,0.5,621,3,5.398,1164,1.6667,4,0.1343
1831,Gpol+Vmem,2,100,facialFeatureOnly,0.020843540121106452,20.4545,2856,27.3789,2856,0.5556,1194,7,7.0348,2961,3.3333,4,0.1493
1832,Gpol+Vmem,2,100,facialFeatureOnly,0.03277053954774628,30.8189,867,31.5566,862,0.5,837,4,6.5473,837,2.6667,4,0.0597
1833,Gpol+Vmem,2,100,facialFeatureOnly,0.03145539312558056,30.8249,1382,31.6175,1425,0.3636,1355,5,6.1418,2900,2.5,4,0.1791
1834,Gpol+Vmem,2,100,facialFeatureOnly,0.02019829633816568,19.9817,2932,27.4783,2917,0.4615,2885,7,5.6418,1369,2.0,4,0.1791
1835,Gpol+Vmem,2,100,facialFeatureOnly,0.03202888840043945,25.8099,944,30.2269,941,0.4348,1231,7,5.9279,2952,2.1667,4,0.1194
1836,Gpol+Vmem,2,100,facialFeatureOnly,0.03433697877725617,31.23,860,31.8087,857,0.4444,832,4,6.2139,832,2.3333,4,0.0597
1837,Gpol+Vmem,2,100,facialFeatureOnly,0.021932140386638058,21.4183,2905,29.165,2909,0.4286,720,3,5.7662,2792,2.3333,4,0.2836
1838,Gpol+Vmem,2,100,facialFeatureOnly,0.02849271815484242,27.3342,2693,30.9706,2681,0.4167,2659,8,6.5348,2659,2.8333,4,0.1493
1839,Gpol+Vmem,2,100,facialFeatureOnly,0.024965797666286337,24.7787,2909,30.5635,2894,0.3667,2877,8,4.2139,829,1.3333,3,0.0597
1840,Gpol-only,1,301,facialFeatureOnly,0.02023265723061593,16.9858,2999,25.8042,2999,0.4444,2948,3,6.255,2845,2.5833,4,0.1642
1841,Gpol-only,1,301,facialFeatureOnly,0.01583703208403065,13.2183,2999,24.4078,2999,0.4815,2944,3,5.5647,2689,1.8333,4,0.1343
1842,Gpol-only,1,301,facialFeatureOnly,0.01785297503894025,15.2146,2971,25.3014,2973,0.4138,2915,2,5.505,2774,1.8333,4,0.1642
1843,Gpol-only,1,301,facialFeatureOnly,0.012697775198170317,9.9627,2981,22.5344,2984,0.4667,2987,2,5.9453,2850,2.3333,4,0.194
1844,Gpol-only,1,301,facialFeatureOnly,0.0270464665767354,25.7205,2999,30.3457,2967,0.3571,2943,6,5.5647,2742,1.8333,4,0.1343
1845,Gpol-only,1,301,facialFeatureOnly,0.019415879082895098,19.193,2999,26.9143,2999,0.4138,2893,5,6.1356,2819,2.5833,4,0.2239
1846,Gpol-only,1,301,facialFeatureOnly,0.02407405689831098,22.8702,2999,29.129,2999,0.5,2756,8,6.7488,2930,3.1667,4,0.209
1847,Gpol-only,1,301,facialFeatureOnly,0.013530334136007892,9.9402,2992,22.8278,2985,0.4815,2924,5,6.005,2863,2.3333,4,0.1642
1848,Gpol-only,1,301,facialFeatureOnly,0.029479619105936373,28.1858,2870,33.2776,2864,0.2857,2699,11,5.6244,2699,1.8333,4,0.1045
1849,Gpol-only,1,301,facialFeatureOnly,0.028677676926356123,27.9117,2950,31.8954,2945,0.35,2715,6,5.9876,2715,2.1667,4,0.0896
1850,Gpol-only,1,301,facialFeatureOnly,0.02540514949858899,23.2725,2972,29.78,2971,0.3235,2949,6,6.0697,2912,2.6667,4,0.2985
1851,Gpol-only,1,301,facialFeatureOnly,0.015063312342197972,13.1195,2999,24.2966,2999,0.4643,2909,4,5.5647,2722,1.8333,4,0.1343
1852,Gpol-only,2,301,facialFeatureOnly,0.021328178046606867,21.1164,2933,28.119,2925,0.5,623,5,7.0522,2910,3.5,4,0.2239
1853,Gpol-only,2,301,facialFeatureOnly,0.025237492279634344,25.1228,2911,29.9017,2899,0.3793,2871,8,6.0348,1290,2.3333,4,0.1493
1854,Gpol-only,2,301,facialFeatureOnly,0.031500230566591826,29.5795,2911,32.5179,2916,0.3889,633,5,6.1418,2987,2.5,4,0.1791
1855,Gpol-only,2,301,facialFeatureOnly,0.02391569492689826,23.727,2935,28.992,2927,0.4583,2891,5,6.8682,2891,3.1667,4,0.1493
1856,Gpol-only,2,301,facialFeatureOnly,0.0319469822604337,31.9038,2869,32.8341,1010,0.4444,985,6,6.3682,2874,2.6667,4,0.1493
1857,Gpol-only,2,301,facialFeatureOnly,0.008980852649805422,8.7463,2932,22.1214,2914,0.5714,621,3,7.6119,2887,4.0,4,0.194
1858,Gpol-only,2,301,facialFeatureOnly,0.020277449110627142,20.0746,2917,27.7191,2919,0.375,2968,3,5.4577,1280,1.6667,4,0.1045
1859,Gpol-only,2,301,facialFeatureOnly,0.023831181145392673,23.7787,2924,29.5595,2894,0.5714,617,3,6.7189,2967,3.1667,4,0.2239
1860,Gpol-only,2,301,facialFeatureOnly,0.009260158506875966,9.1465,2930,21.5106,2925,0.5385,2890,7,7.6418,2890,4.0,4,0.1791
1861,Gpol-only,2,301,facialFeatureOnly,0.01599784617806369,15.8416,2918,25.2996,2917,0.5,636,5,7.1592,2949,3.6667,4,0.2537
1862,Gpol-only,2,301,facialFeatureOnly,0.00959957505761578,9.4777,2935,21.7927,2932,0.5833,2878,11,7.7015,2878,4.0,4,0.1493
1863,Gpol-only,2,301,facialFeatureOnly,0.02199045851415832,21.5025,2889,27.4366,2893,0.5455,2996,5,7.2015,2860,3.5,4,0.1493
1864,Gpol+Vmem,1,301,facialFeatureOnly,0.030281085379914478,29.2713,2660,30.5432,262,0.3913,2620,10,6.398,2620,2.6667,4,0.1343
1865,Gpol+Vmem,1,301,facialFeatureOnly,0.041050764837266565,36.5118,294,31.5273,284,0.3333,885,5,4.5473,885,1.6667,3,0.0597
1866,Gpol+Vmem,1,301,facialFeatureOnly,0.031692228941638145,30.8668,2764,28.9578,300,0.5,2779,6,6.5473,2779,2.6667,4,0.0597
1867,Gpol+Vmem,1,301,facialFeatureOnly,0.03393585862284414,33.8577,2999,31.4879,260,0.4118,762,4,6.0771,762,2.1667,4,0.0448
1868,Gpol+Vmem,1,301,facialFeatureOnly,0.03244367991950186,31.9597,2958,32.9258,287,0.381,2673,10,5.9577,2673,2.1667,4,0.1045
1869,Gpol+Vmem,1,301,facialFeatureOnly,0.03876970183983138,27.3021,332,27.1831,300,0.3125,373,1,4.898,1468,1.1667,4,0.1343
1870,Gpol+Vmem,1,301,facialFeatureOnly,0.02448820796795313,20.022,2928,26.8059,2619,0.6667,2842,6,7.4577,2922,3.6667,4,0.1045
1871,Gpol+Vmem,1,301,facialFeatureOnly,0.020827951442188422,20.5007,2917,28.5733,2917,0.4286,2989,5,5.3259,2705,1.8333,4,0.2537
1872,Gpol+Vmem,1,301,facialFeatureOnly,0.03456125832487081,31.1792,2860,29.1545,300,0.4444,729,3,5.4403,2087,1.5,4,0.0299
1873,Gpol+Vmem,1,301,facialFeatureOnly,0.03414298456420764,33.6786,2885,31.3106,266,0.2857,2971,8,5.3085,1320,1.6667,4,0.1791
1874,Gpol+Vmem,1,301,facialFeatureOnly,0.03655690784822547,33.1523,2608,31.442,263,0.5,2574,6,6.2736,2574,2.3333,4,0.0299
1875,Gpol+Vmem,1,301,facialFeatureOnly,0.029367202336720303,27.6114,1536,31.0349,266,0.4545,2999,10,6.3856,1524,2.8333,4,0.2239
1876,Gpol+Vmem,2,301,facialFeatureOnly,0.030833259992486522,29.1079,2850,32.7348,2883,0.4,931,5,6.1542,931,2.3333,4,0.0896
1877,Gpol+Vmem,2,301,facialFeatureOnly,0.021289478863655256,21.2091,2916,28.42,2923,0.48,2992,9,7.005,2992,3.3333,4,0.1642
1878,Gpol+Vmem,2,301,facialFeatureOnly,0.026842255392293648,26.4029,2930,32.2738,2926,0.2857,2982,3,5.0398,2853,1.6667,4,0.3134
1879,Gpol+Vmem,2,301,facialFeatureOnly,0.028810144169957613,27.5791,2673,31.2433,2655,0.4762,2994,9,6.6244,2994,2.8333,4,0.1045
1880,Gpol+Vmem,2,301,facialFeatureOnly,0.010893070305625363,9.3391,2884,23.4413,2884,0.4516,2980,4,5.796,2746,2.3333,4,0.2687
1881,Gpol+Vmem,2,301,facialFeatureOnly,0.02088269961787758,20.6143,2829,27.9857,2926,0.5455,2919,6,7.0945,2919,3.3333,4,0.1194
1882,Gpol+Vmem,2,301,facialFeatureOnly,0.031103680003483427,30.4958,2972,31.4439,2965,0.4737,2945,8,6.5174,2945,2.6667,4,0.0746
1883,Gpol+Vmem,2,301,facialFeatureOnly,0.026672952108912264,26.3239,2893,30.9322,1316,0.4167,1293,7,6.5348,1293,2.8333,4,0.1493
1884,Gpol+Vmem,2,301,facialFeatureOnly,0.03669915423679414,36.323,2999,35.35,2999,0.2727,2902,10,5.4279,2902,1.6667,4,0.1194
1885,Gpol+Vmem,2,301,facialFeatureOnly,0.025581952862097232,20.973,1070,27.9565,1068,0.6429,846,3,7.005,1040,3.3333,4,0.1642
1886,Gpol+Vmem,2,301,facialFeatureOnly,0.025318076854950713,23.3165,2850,28.4705,2846,0.6429,2819,6,7.0473,2824,3.1667,4,0.0597
1887,Gpol+Vmem,2,301,facialFeatureOnly,0.03591347403630761,34.9721,2974,33.596,2970,0.4286,642,3,5.7612,1243,2.0,4,0.1194
1888,Gpol-only,1,100,facialFeatureBalanced,0.03222622082659307,29.1454,2877,31.8963,2873,0.4375,2685,6,6.3383,2847,2.6667,4,0.1642
1889,Gpol-only,1,100,facialFeatureBalanced,0.032703781401565955,31.3129,2999,32.5451,2977,0.3571,2103,3,6.2015,2836,2.5,4,0.1493
1890,Gpol-only,1,100,facialFeatureBalanced,0.032255486691494514,25.8912,2989,30.0224,2985,0.4,2954,10,6.6716,2954,3.0,4,0.1642
1891,Gpol-only,1,100,facialFeatureBalanced,0.02902987533483392,25.1642,2935,28.6968,2931,0.5789,2904,6,7.0174,2904,3.1667,4,0.0746
1892,Gpol-only,1,100,facialFeatureBalanced,0.03438103326371091,30.7485,2927,34.2195,2925,0.3,2759,8,5.6542,2759,1.8333,4,0.0896
1893,Gpol-only,1,100,facialFeatureBalanced,0.03322406201435406,31.8445,2999,33.1121,2981,0.3571,2132,3,6.2313,2900,2.5,4,0.1343
1894,Gpol-only,1,100,facialFeatureBalanced,0.033544297961275754,32.7821,2950,33.4067,2944,0.32,2913,4,4.1368,2189,1.1667,3,0.0149
1895,Gpol-only,1,100,facialFeatureBalanced,0.037002883367491884,36.2605,336,36.4846,301,0.2381,2823,7,5.0522,1713,1.5,4,0.2239
1896,Gpol-only,1,100,facialFeatureBalanced,0.03179473960516875,31.1347,2979,31.5464,2917,0.4706,2892,9,6.2438,2892,2.3333,4,0.0448
1897,Gpol-only,1,100,facialFeatureBalanced,0.031600334892978865,30.586,2999,31.4387,2918,0.4706,2896,9,6.2438,2896,2.3333,4,0.0448
1898,Gpol-only,1,100,facialFeatureBalanced,0.03277332787580238,31.4788,2999,32.6952,2973,0.3571,2161,3,6.2313,2885,2.5,4,0.1343
1899,Gpol-only,1,100,facialFeatureBalanced,0.031182913205434502,29.145,2880,30.6908,2886,0.4737,2855,9,6.5174,2855,2.6667,4,0.0746
1900,Gpol-only,2,100,facialFeatureBalanced,0.03125117748509926,24.6151,1644,29.3386,1420,0.5,2967,4,6.6542,2967,2.8333,4,0.0896
1901,Gpol-only,2,100,facialFeatureBalanced,0.03676341726686452,30.041,2165,30.7689,2164,0.5625,2498,5,5.6542,2993,1.8333,4,0.0896
1902,Gpol-only,2,100,facialFeatureBalanced,0.03338529985294776,29.6225,2927,31.9243,2896,0.45,2770,5,6.0348,1326,2.3333,4,0.1493
1903,Gpol-only,2,100,facialFeatureBalanced,0.030881102602730054,29.3642,2927,30.6703,2929,0.4091,2899,3,5.2612,2899,2.5,3,0.1194
1904,Gpol-only,2,100,facialFeatureBalanced,0.026843849890286632,15.6656,2859,25.7104,2836,0.5,2593,7,7.3085,2811,3.6667,4,0.1791
1905,Gpol-only,2,100,facialFeatureBalanced,0.031566172162895284,27.5892,2999,30.9051,2999,0.36,2748,6,5.7488,1658,2.1667,4,0.209
1906,Gpol-only,2,100,facialFeatureBalanced,0.029532821330885986,24.4211,2985,29.2355,2984,0.5714,2982,8,7.1244,2982,3.3333,4,0.1045
1907,Gpol-only,2,100,facialFeatureBalanced,0.030353984599675924,27.5941,2944,30.221,2927,0.5,1210,6,6.6244,2903,2.8333,4,0.1045
1908,Gpol-only,2,100,facialFeatureBalanced,0.03114952846754874,29.0252,2970,30.984,2964,0.5263,2950,5,6.3507,2940,2.5,4,0.0746
1909,Gpol-only,2,100,facialFeatureBalanced,0.03159373653994417,29.2512,2961,31.3125,2957,0.4375,862,5,5.3383,1441,1.6667,4,0.1642
1910,Gpol-only,2,100,facialFeatureBalanced,0.029478653890397853,28.6714,2910,29.4575,2907,0.6667,2873,4,5.6368,2873,2.6667,3,0.0149
1911,Gpol-only,2,100,facialFeatureBalanced,0.03400818177721362,26.3458,1272,30.0161,1249,0.4167,1234,3,5.9876,2656,2.1667,4,0.0896
1912,Gpol+Vmem,1,100,facialFeatureBalanced,0.03324140019016514,31.929,2959,33.1668,2913,0.3077,2786,4,5.505,1843,1.8333,4,0.1642
1913,Gpol+Vmem,1,100,facialFeatureBalanced,0.03503441121898654,31.1297,2820,32.0206,2806,0.4444,2792,8,6.2139,2792,2.3333,4,0.0597
1914,Gpol+Vmem,1,100,facialFeatureBalanced,0.030545198641221454,27.9295,2968,30.1359,2965,0.625,2947,5,6.4104,1685,2.5,4,0.0448
1915,Gpol+Vmem,1,100,facialFeatureBalanced,0.0338883166936968,32.316,2999,33.3735,99,0.3077,2899,10,5.9751,2899,2.3333,4,0.1791
1916,Gpol+Vmem,1,100,facialFeatureBalanced,0.028123281499587288,22.5048,2999,28.0391,2999,0.5789,2889,8,7.0174,2889,3.1667,4,0.0746
1917,Gpol+Vmem,1,100,facialFeatureBalanced,0.030101426636992744,22.7259,2999,28.3749,2999,0.6316,2997,9,7.1841,2997,3.3333,4,0.0746
1918,Gpol+Vmem,1,100,facialFeatureBalanced,0.03219989575908913,24.098,2994,29.2087,2987,0.5238,2960,6,6.791,2960,3.0,4,0.1045
1919,Gpol+Vmem,1,100,facialFeatureBalanced,0.03446887998069829,35.8515,2931,33.9056,99,0.3333,2886,9,4.791,2886,2.0,3,0.1045
1920,Gpol+Vmem,1,100,facialFeatureBalanced,0.034226183385559376,35.3796,2904,33.6647,2922,0.3889,2945,6,6.0473,2945,2.1667,4,0.0597
1921,Gpol+Vmem,1,100,facialFeatureBalanced,0.030285415585869224,23.9244,2998,29.4875,2999,0.4074,2974,4,5.3507,1444,1.5,4,0.0746
1922,Gpol+Vmem,1,100,facialFeatureBalanced,0.0360071781239016,35.5147,1842,33.7781,99,0.35,1900,6,5.9876,1900,2.1667,4,0.0896
1923,Gpol+Vmem,1,100,facialFeatureBalanced,0.027438627677050804,21.6884,2618,26.3901,2717,0.8571,2689,5,7.3333,2689,3.3333,4,0.0
1924,Gpol+Vmem,2,100,facialFeatureBalanced,0.027903087469452224,20.6348,2825,27.0137,2826,0.6,2953,5,6.4751,2711,2.8333,4,0.1791
1925,Gpol+Vmem,2,100,facialFeatureBalanced,0.0266496177949598,15.8774,2950,26.3435,2942,0.6,1128,7,7.1542,1128,3.3333,4,0.0896
1926,Gpol+Vmem,2,100,facialFeatureBalanced,0.03139433088303565,25.9373,2862,31.1246,2853,0.4167,1475,5,6.5348,1475,2.8333,4,0.1493
1927,Gpol+Vmem,2,100,facialFeatureBalanced,0.03223096626468302,22.1381,1156,27.6174,1156,0.6316,1133,6,7.1841,1133,3.3333,4,0.0746
1928,Gpol+Vmem,2,100,facialFeatureBalanced,0.027386286621657485,15.7846,2999,26.2684,2999,0.4333,2989,7,7.1891,2989,3.6667,4,0.2388
1929,Gpol+Vmem,2,100,facialFeatureBalanced,0.030122390896403547,27.2462,2766,29.6177,2776,0.5882,2915,5,6.7438,2915,2.8333,4,0.0448
1930,Gpol+Vmem,2,100,facialFeatureBalanced,0.031852375816684445,25.1728,2999,29.7316,2998,0.4762,1235,7,6.6716,2964,3.0,4,0.1642
1931,Gpol+Vmem,2,100,facialFeatureBalanced,0.03367947089090336,31.72,2871,33.5631,2872,0.4,1913,4,6.0647,1061,2.3333,4,0.1343
1932,Gpol+Vmem,2,100,facialFeatureBalanced,0.03302154825227812,31.6951,2933,32.8709,2929,0.4091,2911,6,5.2612,2911,2.5,3,0.1194
1933,Gpol+Vmem,2,100,facialFeatureBalanced,0.02994636007901539,24.2593,1329,29.1609,1329,0.5789,2957,6,7.0945,1323,3.3333,4,0.1194
1934,Gpol+Vmem,2,100,facialFeatureBalanced,0.028505713473854593,22.4586,2950,28.3759,2936,0.5294,1160,6,6.7612,2888,3.0,4,0.1194
1935,Gpol+Vmem,2,100,facialFeatureBalanced,0.029523306023203834,23.1181,2985,29.1714,2999,0.3929,2989,8,6.5821,2989,3.0,4,0.209
1936,Gpol-only,1,301,facialFeatureBalanced,0.03231481034824387,27.7985,2999,31.1373,2999,0.3448,2999,7,5.755,2706,2.0833,4,0.1642
1937,Gpol-only,1,301,facialFeatureBalanced,0.026825562184528588,18.0934,2993,26.2488,2992,0.4815,2984,3,5.2786,2984,3.6667,2,0.194
1938,Gpol-only,1,301,facialFeatureBalanced,0.025652370286845867,15.362,2951,25.3674,2945,0.4333,2921,4,5.9453,2841,2.3333,4,0.194
1939,Gpol-only,1,301,facialFeatureBalanced,0.024421639695877444,10.0017,2994,22.2948,2985,0.56,2969,5,5.6716,2969,4.0,2,0.1642
1940,Gpol-only,1,301,facialFeatureBalanced,0.02933971872517132,24.2352,2935,29.1645,2922,0.4231,2897,7,4.8085,2897,3.1667,2,0.1791
1941,Gpol-only,1,301,facialFeatureBalanced,0.02724102036983976,15.7027,2999,24.9892,2999,0.4815,2986,5,6.1953,2846,2.5833,4,0.194
1942,Gpol-only,1,301,facialFeatureBalanced,0.030688151137492355,24.527,2999,29.1584,2999,0.4348,2992,5,5.4453,2795,1.8333,4,0.194
1943,Gpol-only,1,301,facialFeatureBalanced,0.026272786126040032,9.9756,2999,22.156,2996,0.56,2975,5,5.6716,2975,4.0,2,0.1642
1944,Gpol-only,1,301,facialFeatureBalanced,0.02579253378188987,14.9706,2954,25.3056,2968,0.4333,2994,2,5.2189,2861,1.6667,4,0.2239
1945,Gpol-only,1,301,facialFeatureBalanced,0.030993921394392,24.9601,2999,30.0028,2989,0.3704,2973,7,6.6119,2973,3.0,4,0.194
1946,Gpol-only,1,301,facialFeatureBalanced,0.03409343966399689,29.1846,2911,33.8685,2917,0.2778,2983,5,5.5647,2695,1.8333,4,0.1343
1947,Gpol-only,1,301,facialFeatureBalanced,0.024022259390779583,11.2238,2999,22.5374,2999,0.5909,2973,3,5.4279,2973,3.6667,2,0.1194
1948,Gpol-only,2,301,facialFeatureBalanced,0.0331922815685956,28.6677,2739,30.9603,2737,0.4375,640,5,6.5647,2763,2.8333,4,0.1343
1949,Gpol-only,2,301,facialFeatureBalanced,0.03426694276072334,32.471,1078,32.7352,1077,0.381,2964,8,6.0945,1047,2.3333,4,0.1194
1950,Gpol-only,2,301,facialFeatureBalanced,0.03156928075252683,30.5485,2928,31.4185,2926,0.4286,2981,5,4.898,2887,2.1667,3,0.1343
1951,Gpol-only,2,301,facialFeatureBalanced,0.029031975672561414,24.2333,2961,28.6315,2959,0.5,2929,7,6.7612,2929,3.0,4,0.1194
1952,Gpol-only,2,301,facialFeatureBalanced,0.029368201565553163,25.519,2759,29.2777,2856,0.5789,2960,5,6.3085,1294,2.6667,4,0.1791
1953,Gpol-only,2,301,facialFeatureBalanced,0.03129977011415207,28.4236,2716,30.6612,2752,0.6,2895,4,5.4701,2895,2.5,3,0.0149
1954,Gpol-only,2,301,facialFeatureBalanced,0.03254284355853253,27.6063,2905,30.4381,2906,0.4231,2894,7,5.6418,2894,3.0,3,0.1791
1955,Gpol-only,2,301,facialFeatureBalanced,0.033172048816354105,29.9738,2464,31.7849,2456,0.5,2947,8,6.2736,2947,2.3333,4,0.0299
1956,Gpol-only,2,301,facialFeatureBalanced,0.032923487965762915,25.6497,2719,29.3632,2727,0.55,2780,5,6.0771,1196,2.1667,4,0.0448
1957,Gpol-only,2,301,facialFeatureBalanced,0.03171247040363008,31.4013,2707,31.4561,2942,0.4286,2960,4,5.291,2960,2.5,3,0.1045
1958,Gpol-only,2,301,facialFeatureBalanced,0.03554826066378116,30.6579,1982,30.5153,1981,0.5714,617,3,6.4104,1955,2.5,4,0.0448
1959,Gpol-only,2,301,facialFeatureBalanced,0.031786168990666684,29.7517,2939,31.4677,2933,0.5,637,5,6.3507,2912,2.5,4,0.0746
1960,Gpol+Vmem,1,301,facialFeatureBalanced,0.033580907118890946,34.3042,2821,32.6046,259,0.5,2785,6,6.2736,2785,2.3333,4,0.0299
1961,Gpol+Vmem,1,301,facialFeatureBalanced,0.027975723327601516,20.8905,2949,27.7923,2934,0.48,2901,10,7.005,2901,3.3333,4,0.1642
1962,Gpol+Vmem,1,301,facialFeatureBalanced,0.03274112586166599,32.7835,2872,31.1093,298,0.4444,2997,8,6.2139,2997,2.3333,4,0.0597
1963,Gpol+Vmem,1,301,facialFeatureBalanced,0.03772053606339136,37.6225,2004,32.9898,260,0.2727,1761,10,5.5945,1761,1.8333,4,0.1194
1964,Gpol+Vmem,1,301,facialFeatureBalanced,0.034443516039211586,33.5402,972,31.1788,263,0.5,1195,6,6.2736,1195,2.3333,4,0.0299
1965,Gpol+Vmem,1,301,facialFeatureBalanced,0.02839212134342169,20.9364,2718,26.8919,2704,0.7059,2817,6,7.2438,2817,3.3333,4,0.0448
1966,Gpol+Vmem,1,301,facialFeatureBalanced,0.032367620484721374,31.2372,2886,32.152,259,0.45,2947,6,6.4876,2947,2.6667,4,0.0896
1967,Gpol+Vmem,1,301,facialFeatureBalanced,0.03055850166576589,24.1861,2999,28.5493,2999,0.4783,2980,7,6.898,2980,3.1667,4,0.1343
1968,Gpol+Vmem,1,301,facialFeatureBalanced,0.03356900056111169,33.7421,753,30.3733,268,0.5333,2914,3,6.2736,725,2.3333,4,0.0299
1969,Gpol+Vmem,1,301,facialFeatureBalanced,0.034080002232600895,33.1388,2838,32.396,253,0.3636,2844,7,5.107,2225,1.1667,4,0.0299
1970,Gpol+Vmem,1,301,facialFeatureBalanced,0.030614496451352356,26.5477,2995,30.0558,2999,0.5238,2982,4,6.9577,2982,3.1667,4,0.1045
1971,Gpol+Vmem,1,301,facialFeatureBalanced,0.03136753768022725,25.0734,2780,29.8097,2826,0.55,2859,5,5.791,953,2.0,4,0.1045
1972,Gpol+Vmem,2,301,facialFeatureBalanced,0.02499098853175724,15.771,2922,24.9631,2919,0.5652,2878,8,7.398,2878,3.6667,4,0.1343
1973,Gpol+Vmem,2,301,facialFeatureBalanced,0.030902654578543194,27.3642,1433,30.7693,2923,0.5882,2885,5,6.5771,2885,2.6667,4,0.0448
1974,Gpol+Vmem,2,301,facialFeatureBalanced,0.03063293375359391,22.955,2915,30.4126,2915,0.2821,2906,2,5.7488,1473,2.1667,4,0.209
1975,Gpol+Vmem,2,301,facialFeatureBalanced,0.03222435620214641,30.0709,2893,32.1271,2886,0.4286,2967,7,6.4577,2967,2.6667,4,0.1045
1976,Gpol+Vmem,2,301,facialFeatureBalanced,0.029320490165632658,25.5582,2865,29.1313,2863,0.5238,2833,7,6.1716,1682,2.5,4,0.1642
1977,Gpol+Vmem,2,301,facialFeatureBalanced,0.030096770529854825,24.5841,2922,29.8768,2918,0.5294,1024,6,6.4279,2708,2.6667,4,0.1194
1978,Gpol+Vmem,2,301,facialFeatureBalanced,0.026730087400626032,16.2928,2694,26.0825,2740,0.5909,2972,4,7.4279,2972,3.6667,4,0.1194
1979,Gpol+Vmem,2,301,facialFeatureBalanced,0.03106226024867839,25.5748,2817,30.8327,2917,0.3929,2788,5,5.5174,1051,1.6667,4,0.0746
1980,Gpol+Vmem,2,301,facialFeatureBalanced,0.033575330155569724,30.5681,2940,32.6389,2940,0.3913,2930,6,6.2313,2930,2.5,4,0.1343
1981,Gpol+Vmem,2,301,facialFeatureBalanced,0.029358218866917182,25.2878,2923,29.1167,2916,0.55,2893,8,6.9876,2893,3.1667,4,0.0896
1982,Gpol+Vmem,2,301,facialFeatureBalanced,0.026547193875119602,15.6453,2875,26.3698,2872,0.4194,2991,6,6.1542,1279,2.3333,4,0.0896
1983,Gpol+Vmem,2,301,facialFeatureBalanced,0.03277694580830989,20.815,990,27.5858,985,0.48,955,3,6.7189,2980,3.1667,4,0.2239
