fileNumber,lossMethod,mechanism,depth,T,featureRMS_mV,featureBestTimestep,balancedRMS_mV,balancedBestTimestep
1600,correlation,Gpol-only,1,100,35.1772,338,34.1785,2904
1601,correlation,Gpol-only,1,100,35.0634,329,33.7743,2999
1602,correlation,Gpol-only,1,100,35.8985,2748,34.878,2732
1603,correlation,Gpol-only,1,100,35.7032,336,33.886,2999
1604,correlation,Gpol-only,1,100,33.7493,332,34.5867,2969
1605,correlation,Gpol-only,1,100,35.7101,333,36.1359,324
1606,globalsum,Gpol-only,1,100,34.4348,2999,33.1754,2999
1607,globalsum,Gpol-only,1,100,29.4376,1787,32.7086,1784
1608,globalsum,Gpol-only,1,100,27.4485,2924,29.6711,2926
1609,globalsum,Gpol-only,1,100,34.5605,332,34.3351,2957
1610,globalsum,Gpol-only,1,100,35.0773,2999,33.3864,2945
1611,globalsum,Gpol-only,1,100,30.9349,1915,32.7694,2999
1612,correlation,Gpol-only,2,100,25.0503,2594,28.8008,2589
1613,correlation,Gpol-only,2,100,27.8836,1496,31.9192,1541
1614,correlation,Gpol-only,2,100,29.3221,1447,32.9525,1440
1615,correlation,Gpol-only,2,100,26.6079,1641,30.5939,1642
1616,correlation,Gpol-only,2,100,31.7533,1424,32.3522,1620
1617,correlation,Gpol-only,2,100,23.7634,2650,28.8134,2651
1618,globalsum,Gpol-only,2,100,33.6325,1150,33.5173,1141
1619,globalsum,Gpol-only,2,100,33.2657,1695,33.8648,1320
1620,globalsum,Gpol-only,2,100,34.8285,2999,32.9733,1336
1621,globalsum,Gpol-only,2,100,27.1261,1314,30.4402,1313
1622,globalsum,Gpol-only,2,100,36.3716,2302,35.0418,1092
1623,globalsum,Gpol-only,2,100,31.8707,1344,34.4591,1342
1624,correlation,Gpol+Vmem,1,100,32.366,1877,32.0759,2860
1625,correlation,Gpol+Vmem,1,100,32.281,2931,32.0729,2911
1626,correlation,Gpol+Vmem,1,100,31.0898,2946,32.4107,2934
1627,correlation,Gpol+Vmem,1,100,36.6072,360,34.5908,99
1628,correlation,Gpol+Vmem,1,100,33.7826,1935,32.6178,1934
1629,correlation,Gpol+Vmem,1,100,38.6547,2778,34.9649,99
1630,globalsum,Gpol+Vmem,1,100,36.0419,2770,33.694,99
1631,globalsum,Gpol+Vmem,1,100,30.5406,2780,31.3303,2905
1632,globalsum,Gpol+Vmem,1,100,33.2795,2794,32.8919,2904
1633,globalsum,Gpol+Vmem,1,100,33.1756,1924,33.2503,99
1634,globalsum,Gpol+Vmem,1,100,37.5529,380,34.594,99
1635,globalsum,Gpol+Vmem,1,100,29.3277,2854,30.1543,2904
1636,correlation,Gpol+Vmem,2,100,33.6429,1070,34.2436,1060
1637,correlation,Gpol+Vmem,2,100,23.3286,1139,28.5483,1139
1638,correlation,Gpol+Vmem,2,100,16.3962,2761,25.8776,2810
1639,correlation,Gpol+Vmem,2,100,26.4479,2318,29.1405,2317
1640,correlation,Gpol+Vmem,2,100,31.1628,1023,31.5712,1018
1641,correlation,Gpol+Vmem,2,100,37.1979,643,34.7985,1126
1642,globalsum,Gpol+Vmem,2,100,30.5256,796,31.4116,796
1643,globalsum,Gpol+Vmem,2,100,35.0235,2999,34.0222,550
1644,globalsum,Gpol+Vmem,2,100,36.0276,2981,34.3081,2980
1645,globalsum,Gpol+Vmem,2,100,16.2629,2953,25.3845,2948
1646,globalsum,Gpol+Vmem,2,100,31.8246,2638,31.7771,2707
1647,globalsum,Gpol+Vmem,2,100,38.7232,2941,34.3446,2984
1648,correlation,Gpol-only,1,301,29.224,2932,30.8264,2927
1649,correlation,Gpol-only,1,301,34.3665,2825,33.7151,2845
1650,correlation,Gpol-only,1,301,36.8001,288,36.7134,258
1651,correlation,Gpol-only,1,301,32.8384,2714,32.6111,2888
1652,correlation,Gpol-only,1,301,23.7429,2636,28.1743,2661
1653,correlation,Gpol-only,1,301,34.8885,2767,34.2714,2816
1654,globalsum,Gpol-only,1,301,18.8106,2999,26.7016,2999
1655,globalsum,Gpol-only,1,301,19.5907,2941,26.8463,2942
1656,globalsum,Gpol-only,1,301,23.6498,2999,28.5276,2999
1657,globalsum,Gpol-only,1,301,31.8238,2999,32.8598,2985
1658,globalsum,Gpol-only,1,301,25.2233,2999,30.0162,2999
1659,globalsum,Gpol-only,1,301,35.2001,2999,33.8478,2999
1660,correlation,Gpol-only,2,301,32.6906,2650,33.1511,1090
1661,correlation,Gpol-only,2,301,24.4698,2524,29.0635,2512
1662,correlation,Gpol-only,2,301,27.1823,2904,29.6577,2905
1663,correlation,Gpol-only,2,301,30.2146,2405,32.4555,2388
1664,correlation,Gpol-only,2,301,27.0214,2360,30.0073,2360
1665,correlation,Gpol-only,2,301,24.9978,2479,29.5824,2471
1666,globalsum,Gpol-only,2,301,32.5332,979,32.0816,978
1667,globalsum,Gpol-only,2,301,25.1286,2474,29.0434,2448
1668,globalsum,Gpol-only,2,301,28.5378,2559,30.8593,2558
1669,globalsum,Gpol-only,2,301,33.7099,2494,32.5795,2999
1670,globalsum,Gpol-only,2,301,32.7509,2665,32.482,2236
1671,globalsum,Gpol-only,2,301,26.8491,2570,30.1093,2571
1672,correlation,Gpol+Vmem,1,301,30.3846,1530,29.437,300
1673,correlation,Gpol+Vmem,1,301,30.7932,1683,31.3887,256
1674,correlation,Gpol+Vmem,1,301,35.2236,1946,31.9449,256
1675,correlation,Gpol+Vmem,1,301,34.5254,842,29.7483,300
1676,correlation,Gpol+Vmem,1,301,35.0372,856,31.9278,262
1677,correlation,Gpol+Vmem,1,301,41.6744,289,33.3212,257
1678,globalsum,Gpol+Vmem,1,301,25.6654,1831,29.7484,1831
1679,globalsum,Gpol+Vmem,1,301,28.9756,316,28.6614,300
1680,globalsum,Gpol+Vmem,1,301,29.4292,349,28.501,300
1681,globalsum,Gpol+Vmem,1,301,37.7136,2552,31.6157,254
1682,globalsum,Gpol+Vmem,1,301,32.7322,2082,30.6523,264
1683,globalsum,Gpol+Vmem,1,301,29.9853,2202,31.5954,2205
1684,correlation,Gpol+Vmem,2,301,31.7977,2031,33.3186,2031
1685,correlation,Gpol+Vmem,2,301,24.317,1596,29.3908,1809
1686,correlation,Gpol+Vmem,2,301,36.9164,2668,32.871,2999
1687,correlation,Gpol+Vmem,2,301,31.4326,1093,31.8548,886
1688,correlation,Gpol+Vmem,2,301,33.2485,916,32.7318,904
1689,correlation,Gpol+Vmem,2,301,34.7432,1970,34.5689,1919
1690,globalsum,Gpol+Vmem,2,301,24.2866,2920,28.8003,2924
1691,globalsum,Gpol+Vmem,2,301,16.5106,2997,23.5371,2983
1692,globalsum,Gpol+Vmem,2,301,21.2548,1489,28.4911,1477
1693,globalsum,Gpol+Vmem,2,301,34.0023,1731,35.0691,1761
1694,globalsum,Gpol+Vmem,2,301,34.3205,2670,33.6468,2924
1695,globalsum,Gpol+Vmem,2,301,28.584,2996,30.1635,2989
1696,correlation,Gpol-only,1,100,34.7976,331,33.4651,2958
1697,correlation,Gpol-only,1,100,34.6845,2553,32.9099,2932
1698,correlation,Gpol-only,1,100,35.5105,334,36.0808,325
1699,correlation,Gpol-only,1,100,33.0337,2906,32.5432,2904
1700,correlation,Gpol-only,1,100,35.6881,338,34.0834,2999
1701,correlation,Gpol-only,1,100,30.0433,2999,31.4751,2999
1702,globalsum,Gpol-only,1,100,34.9215,2999,33.2185,2999
1703,globalsum,Gpol-only,1,100,34.2641,331,33.3951,2997
1704,globalsum,Gpol-only,1,100,35.6239,2955,34.4023,2744
1705,globalsum,Gpol-only,1,100,24.8344,2999,28.2173,2999
1706,globalsum,Gpol-only,1,100,34.3348,2832,32.9015,2999
1707,globalsum,Gpol-only,1,100,34.9156,333,34.2409,2932
1708,correlation,Gpol-only,2,100,28.1001,1381,31.2435,1390
1709,correlation,Gpol-only,2,100,33.2662,1144,32.7478,1131
1710,correlation,Gpol-only,2,100,31.7056,2638,33.7823,2646
1711,correlation,Gpol-only,2,100,31.4277,2553,32.761,1274
1712,correlation,Gpol-only,2,100,32.7937,2761,32.4882,2723
1713,correlation,Gpol-only,2,100,33.7508,2428,33.481,2419
1714,globalsum,Gpol-only,2,100,27.2535,1209,30.1826,1205
1715,globalsum,Gpol-only,2,100,23.3777,2941,28.7304,2939
1716,globalsum,Gpol-only,2,100,15.9981,2660,25.4487,2663
1717,globalsum,Gpol-only,2,100,16.6614,2999,25.769,2999
1718,globalsum,Gpol-only,2,100,29.3983,2978,30.9501,2847
1719,globalsum,Gpol-only,2,100,33.6603,1448,34.2255,1442
1720,correlation,Gpol+Vmem,1,100,36.4934,2080,35.226,99
1721,correlation,Gpol+Vmem,1,100,33.3621,1042,34.4767,1039
1722,correlation,Gpol+Vmem,1,100,31.128,2694,31.7882,2695
1723,correlation,Gpol+Vmem,1,100,32.3896,2287,32.0412,99
1724,correlation,Gpol+Vmem,1,100,36.1865,2716,33.6387,2792
1725,correlation,Gpol+Vmem,1,100,34.6111,1760,35.0816,99
1726,globalsum,Gpol+Vmem,1,100,36.1808,573,33.5313,99
1727,globalsum,Gpol+Vmem,1,100,30.2988,2999,31.0977,2997
1728,globalsum,Gpol+Vmem,1,100,34.2654,2915,32.746,2920
1729,globalsum,Gpol+Vmem,1,100,31.4279,1828,32.3534,1829
1730,globalsum,Gpol+Vmem,1,100,30.4458,2922,30.6703,2920
1731,globalsum,Gpol+Vmem,1,100,28.3892,2296,31.0631,2296
1732,correlation,Gpol+Vmem,2,100,35.2796,1100,34.6299,1097
1733,correlation,Gpol+Vmem,2,100,37.0561,1398,35.4185,649
1734,correlation,Gpol+Vmem,2,100,27.6249,1057,31.0365,1040
1735,correlation,Gpol+Vmem,2,100,39.477,703,35.7175,683
1736,correlation,Gpol+Vmem,2,100,31.128,2505,33.2087,2490
1737,correlation,Gpol+Vmem,2,100,30.2948,2597,32.6452,2907
1738,globalsum,Gpol+Vmem,2,100,26.5495,2956,29.1727,2999
1739,globalsum,Gpol+Vmem,2,100,31.8608,1071,33.2724,1051
1740,globalsum,Gpol+Vmem,2,100,32.4734,2999,33.0146,2999
1741,globalsum,Gpol+Vmem,2,100,20.1771,1179,27.454,1179
1742,globalsum,Gpol+Vmem,2,100,31.5359,1288,33.2151,1290
1743,globalsum,Gpol+Vmem,2,100,30.267,2995,31.9064,2992
1744,correlation,Gpol-only,1,301,35.8889,2853,34.8913,2880
1745,correlation,Gpol-only,1,301,24.7626,2999,29.3999,2999
1746,correlation,Gpol-only,1,301,36.7771,288,36.6738,257
1747,correlation,Gpol-only,1,301,25.2301,2983,29.4175,2983
1748,correlation,Gpol-only,1,301,31.867,2935,32.2706,2968
1749,correlation,Gpol-only,1,301,36.6888,290,36.743,287
1750,globalsum,Gpol-only,1,301,32.5372,2949,34.1648,2933
1751,globalsum,Gpol-only,1,301,13.0346,2999,23.5304,2999
1752,globalsum,Gpol-only,1,301,22.5377,2999,28.4166,2999
1753,globalsum,Gpol-only,1,301,32.0243,2999,31.7459,2999
1754,globalsum,Gpol-only,1,301,34.4717,2801,33.6746,2844
1755,globalsum,Gpol-only,1,301,20.6603,2999,27.4994,2999
1756,correlation,Gpol-only,2,301,31.4453,2949,31.8069,2961
1757,correlation,Gpol-only,2,301,30.2181,2776,31.1028,2772
1758,correlation,Gpol-only,2,301,28.0569,2407,31.0957,2399
1759,correlation,Gpol-only,2,301,32.7914,2402,33.5184,2999
1760,correlation,Gpol-only,2,301,18.6488,2446,26.3054,2434
1761,correlation,Gpol-only,2,301,35.0524,1116,32.4346,2999
1762,globalsum,Gpol-only,2,301,33.5621,665,32.8513,666
1763,globalsum,Gpol-only,2,301,21.2879,2495,27.2371,2492
1764,globalsum,Gpol-only,2,301,33.1281,1277,32.8978,1024
1765,globalsum,Gpol-only,2,301,22.6491,2600,27.7202,2600
1766,globalsum,Gpol-only,2,301,32.2144,2999,30.9782,2999
1767,globalsum,Gpol-only,2,301,32.2601,2442,32.5844,2760
1768,correlation,Gpol+Vmem,1,301,32.2164,2919,31.1751,260
1769,correlation,Gpol+Vmem,1,301,33.0536,2773,32.3234,262
1770,correlation,Gpol+Vmem,1,301,23.4395,2726,29.1574,2791
1771,correlation,Gpol+Vmem,1,301,32.6458,329,30.4497,300
1772,correlation,Gpol+Vmem,1,301,35.6809,1825,30.9814,263
1773,correlation,Gpol+Vmem,1,301,30.7716,2929,31.2412,2928
1774,globalsum,Gpol+Vmem,1,301,32.5245,890,30.3783,300
1775,globalsum,Gpol+Vmem,1,301,35.3831,2999,31.864,258
1776,globalsum,Gpol+Vmem,1,301,33.4803,2219,32.3246,256
1777,globalsum,Gpol+Vmem,1,301,28.9949,2709,29.694,2742
1778,globalsum,Gpol+Vmem,1,301,32.1845,2984,31.7976,2981
1779,globalsum,Gpol+Vmem,1,301,33.5348,2999,29.9152,300
1780,correlation,Gpol+Vmem,2,301,32.1157,1384,32.2938,894
1781,correlation,Gpol+Vmem,2,301,32.6876,1278,33.1417,1061
1782,correlation,Gpol+Vmem,2,301,34.4966,1188,33.2969,821
1783,correlation,Gpol+Vmem,2,301,20.9237,1016,26.6028,1002
1784,correlation,Gpol+Vmem,2,301,27.9758,1045,30.1699,1043
1785,correlation,Gpol+Vmem,2,301,24.0564,1135,29.0101,1127
1786,globalsum,Gpol+Vmem,2,301,33.907,2999,31.814,2999
1787,globalsum,Gpol+Vmem,2,301,33.6313,2999,32.0057,2992
1788,globalsum,Gpol+Vmem,2,301,36.8373,2990,35.1183,2994
1789,globalsum,Gpol+Vmem,2,301,32.7635,2940,32.0954,2927
1790,globalsum,Gpol+Vmem,2,301,35.5014,1357,33.9666,2958
1791,globalsum,Gpol+Vmem,2,301,35.58,2979,34.0259,2999
1792,facialFeatureOnly,Gpol-only,1,100,36.1174,2996,36.0879,2905
1793,facialFeatureOnly,Gpol-only,1,100,30.8109,2999,34.1611,2891
1794,facialFeatureOnly,Gpol-only,1,100,29.2115,2944,33.5679,2945
1795,facialFeatureOnly,Gpol-only,1,100,23.6305,2999,28.9685,2999
1796,facialFeatureOnly,Gpol-only,1,100,34.3904,2959,35.7415,2800
1797,facialFeatureOnly,Gpol-only,1,100,34.6572,2999,35.2813,2993
1798,facialFeatureOnly,Gpol-only,1,100,28.8392,2999,31.7223,2999
1799,facialFeatureOnly,Gpol-only,1,100,21.6315,2999,28.3402,2999
1800,facialFeatureOnly,Gpol-only,1,100,23.9271,2926,28.8178,2920
1801,facialFeatureOnly,Gpol-only,1,100,32.2531,2852,33.6094,2836
1802,facialFeatureOnly,Gpol-only,1,100,28.9127,2988,30.7433,2999
1803,facialFeatureOnly,Gpol-only,1,100,30.7634,2967,32.9073,2962
1804,facialFeatureOnly,Gpol-only,2,100,22.3484,2924,28.3551,2924
1805,facialFeatureOnly,Gpol-only,2,100,10.6446,2940,23.5799,2938
1806,facialFeatureOnly,Gpol-only,2,100,26.8741,2958,30.7802,2956
1807,facialFeatureOnly,Gpol-only,2,100,20.5715,2840,27.3866,2831
1808,facialFeatureOnly,Gpol-only,2,100,36.7381,2965,36.3259,2965
1809,facialFeatureOnly,Gpol-only,2,100,8.579,2923,22.7657,2921
1810,facialFeatureOnly,Gpol-only,2,100,33.6509,1677,32.6998,1659
1811,facialFeatureOnly,Gpol-only,2,100,32.1098,1413,32.932,1273
1812,facialFeatureOnly,Gpol-only,2,100,17.6033,2957,25.2752,2947
1813,facialFeatureOnly,Gpol-only,2,100,16.2363,1784,26.3328,1775
1814,facialFeatureOnly,Gpol-only,2,100,24.8945,2942,29.5003,2918
1815,facialFeatureOnly,Gpol-only,2,100,19.4006,2999,27.0972,2926
1816,facialFeatureOnly,Gpol+Vmem,1,100,35.0703,2652,33.4202,99
1817,facialFeatureOnly,Gpol+Vmem,1,100,33.4048,1728,33.0844,2641
1818,facialFeatureOnly,Gpol+Vmem,1,100,30.1578,2919,31.9235,2947
1819,facialFeatureOnly,Gpol+Vmem,1,100,20.2758,2999,27.4605,2993
1820,facialFeatureOnly,Gpol+Vmem,1,100,33.69,2917,34.2442,2911
1821,facialFeatureOnly,Gpol+Vmem,1,100,30.1295,2999,32.0846,2998
1822,facialFeatureOnly,Gpol+Vmem,1,100,27.2269,2930,30.9974,2924
1823,facialFeatureOnly,Gpol+Vmem,1,100,8.8144,2921,21.3774,2939
1824,facialFeatureOnly,Gpol+Vmem,1,100,24.8765,2999,29.879,2999
1825,facialFeatureOnly,Gpol+Vmem,1,100,26.6952,2492,29.1505,2491
1826,facialFeatureOnly,Gpol+Vmem,1,100,25.7728,2867,29.5784,2866
1827,facialFeatureOnly,Gpol+Vmem,1,100,27.6576,2897,31.0161,2892
1828,facialFeatureOnly,Gpol+Vmem,2,100,21.5957,2943,29.0152,2944
1829,facialFeatureOnly,Gpol+Vmem,2,100,27.944,2480,31.0236,2477
1830,facialFeatureOnly,Gpol+Vmem,2,100,26.072,2925,32.2502,2921
1831,facialFeatureOnly,Gpol+Vmem,2,100,20.4545,2856,27.3789,2856
1832,facialFeatureOnly,Gpol+Vmem,2,100,30.8189,867,31.5566,862
1833,facialFeatureOnly,Gpol+Vmem,2,100,30.8249,1382,31.6175,1425
1834,facialFeatureOnly,Gpol+Vmem,2,100,19.9817,2932,27.4783,2917
1835,facialFeatureOnly,Gpol+Vmem,2,100,25.8099,944,30.2269,941
1836,facialFeatureOnly,Gpol+Vmem,2,100,31.23,860,31.8087,857
1837,facialFeatureOnly,Gpol+Vmem,2,100,21.4183,2905,29.165,2909
1838,facialFeatureOnly,Gpol+Vmem,2,100,27.3342,2693,30.9706,2681
1839,facialFeatureOnly,Gpol+Vmem,2,100,24.7787,2909,30.5635,2894
1840,facialFeatureOnly,Gpol-only,1,301,16.9858,2999,25.8042,2999
1841,facialFeatureOnly,Gpol-only,1,301,13.2183,2999,24.4078,2999
1842,facialFeatureOnly,Gpol-only,1,301,15.2146,2971,25.3014,2973
1843,facialFeatureOnly,Gpol-only,1,301,9.9627,2981,22.5344,2984
1844,facialFeatureOnly,Gpol-only,1,301,25.7205,2999,30.3457,2967
1845,facialFeatureOnly,Gpol-only,1,301,19.193,2999,26.9143,2999
1846,facialFeatureOnly,Gpol-only,1,301,22.8702,2999,29.129,2999
1847,facialFeatureOnly,Gpol-only,1,301,9.9402,2992,22.8278,2985
1848,facialFeatureOnly,Gpol-only,1,301,28.1858,2870,33.2776,2864
1849,facialFeatureOnly,Gpol-only,1,301,27.9117,2950,31.8954,2945
1850,facialFeatureOnly,Gpol-only,1,301,23.2725,2972,29.78,2971
1851,facialFeatureOnly,Gpol-only,1,301,13.1195,2999,24.2966,2999
1852,facialFeatureOnly,Gpol-only,2,301,21.1164,2933,28.119,2925
1853,facialFeatureOnly,Gpol-only,2,301,25.1228,2911,29.9017,2899
1854,facialFeatureOnly,Gpol-only,2,301,29.5795,2911,32.5179,2916
1855,facialFeatureOnly,Gpol-only,2,301,23.727,2935,28.992,2927
1856,facialFeatureOnly,Gpol-only,2,301,31.9038,2869,32.8341,1010
1857,facialFeatureOnly,Gpol-only,2,301,8.7463,2932,22.1214,2914
1858,facialFeatureOnly,Gpol-only,2,301,20.0746,2917,27.7191,2919
1859,facialFeatureOnly,Gpol-only,2,301,23.7787,2924,29.5595,2894
1860,facialFeatureOnly,Gpol-only,2,301,9.1465,2930,21.5106,2925
1861,facialFeatureOnly,Gpol-only,2,301,15.8416,2918,25.2996,2917
1862,facialFeatureOnly,Gpol-only,2,301,9.4777,2935,21.7927,2932
1863,facialFeatureOnly,Gpol-only,2,301,21.5025,2889,27.4366,2893
1864,facialFeatureOnly,Gpol+Vmem,1,301,29.2713,2660,30.5432,262
1865,facialFeatureOnly,Gpol+Vmem,1,301,36.5118,294,31.5273,284
1866,facialFeatureOnly,Gpol+Vmem,1,301,30.8668,2764,28.9578,300
1867,facialFeatureOnly,Gpol+Vmem,1,301,33.8577,2999,31.4879,260
1868,facialFeatureOnly,Gpol+Vmem,1,301,31.9597,2958,32.9258,287
1869,facialFeatureOnly,Gpol+Vmem,1,301,27.3021,332,27.1831,300
1870,facialFeatureOnly,Gpol+Vmem,1,301,20.022,2928,26.8059,2619
1871,facialFeatureOnly,Gpol+Vmem,1,301,20.5007,2917,28.5733,2917
1872,facialFeatureOnly,Gpol+Vmem,1,301,31.1792,2860,29.1545,300
1873,facialFeatureOnly,Gpol+Vmem,1,301,33.6786,2885,31.3106,266
1874,facialFeatureOnly,Gpol+Vmem,1,301,33.1523,2608,31.442,263
1875,facialFeatureOnly,Gpol+Vmem,1,301,27.6114,1536,31.0349,266
1876,facialFeatureOnly,Gpol+Vmem,2,301,29.1079,2850,32.7348,2883
1877,facialFeatureOnly,Gpol+Vmem,2,301,21.2091,2916,28.42,2923
1878,facialFeatureOnly,Gpol+Vmem,2,301,26.4029,2930,32.2738,2926
1879,facialFeatureOnly,Gpol+Vmem,2,301,27.5791,2673,31.2433,2655
1880,facialFeatureOnly,Gpol+Vmem,2,301,9.3391,2884,23.4413,2884
1881,facialFeatureOnly,Gpol+Vmem,2,301,20.6143,2829,27.9857,2926
1882,facialFeatureOnly,Gpol+Vmem,2,301,30.4958,2972,31.4439,2965
1883,facialFeatureOnly,Gpol+Vmem,2,301,26.3239,2893,30.9322,1316
1884,facialFeatureOnly,Gpol+Vmem,2,301,36.323,2999,35.35,2999
1885,facialFeatureOnly,Gpol+Vmem,2,301,20.973,1070,27.9565,1068
1886,facialFeatureOnly,Gpol+Vmem,2,301,23.3165,2850,28.4705,2846
1887,facialFeatureOnly,Gpol+Vmem,2,301,34.9721,2974,33.596,2970
1888,facialFeatureBalanced,Gpol-only,1,100,29.1454,2877,31.8963,2873
1889,facialFeatureBalanced,Gpol-only,1,100,31.3129,2999,32.5451,2977
1890,facialFeatureBalanced,Gpol-only,1,100,25.8912,2989,30.0224,2985
1891,facialFeatureBalanced,Gpol-only,1,100,25.1642,2935,28.6968,2931
1892,facialFeatureBalanced,Gpol-only,1,100,30.7485,2927,34.2195,2925
1893,facialFeatureBalanced,Gpol-only,1,100,31.8445,2999,33.1121,2981
1894,facialFeatureBalanced,Gpol-only,1,100,32.7821,2950,33.4067,2944
1895,facialFeatureBalanced,Gpol-only,1,100,36.2605,336,36.4846,301
1896,facialFeatureBalanced,Gpol-only,1,100,31.1347,2979,31.5464,2917
1897,facialFeatureBalanced,Gpol-only,1,100,30.586,2999,31.4387,2918
1898,facialFeatureBalanced,Gpol-only,1,100,31.4788,2999,32.6952,2973
1899,facialFeatureBalanced,Gpol-only,1,100,29.145,2880,30.6908,2886
1900,facialFeatureBalanced,Gpol-only,2,100,24.6151,1644,29.3386,1420
1901,facialFeatureBalanced,Gpol-only,2,100,30.041,2165,30.7689,2164
1902,facialFeatureBalanced,Gpol-only,2,100,29.6225,2927,31.9243,2896
1903,facialFeatureBalanced,Gpol-only,2,100,29.3642,2927,30.6703,2929
1904,facialFeatureBalanced,Gpol-only,2,100,15.6656,2859,25.7104,2836
1905,facialFeatureBalanced,Gpol-only,2,100,27.5892,2999,30.9051,2999
1906,facialFeatureBalanced,Gpol-only,2,100,24.4211,2985,29.2355,2984
1907,facialFeatureBalanced,Gpol-only,2,100,27.5941,2944,30.221,2927
1908,facialFeatureBalanced,Gpol-only,2,100,29.0252,2970,30.984,2964
1909,facialFeatureBalanced,Gpol-only,2,100,29.2512,2961,31.3125,2957
1910,facialFeatureBalanced,Gpol-only,2,100,28.6714,2910,29.4575,2907
1911,facialFeatureBalanced,Gpol-only,2,100,26.3458,1272,30.0161,1249
1912,facialFeatureBalanced,Gpol+Vmem,1,100,31.929,2959,33.1668,2913
1913,facialFeatureBalanced,Gpol+Vmem,1,100,31.1297,2820,32.0206,2806
1914,facialFeatureBalanced,Gpol+Vmem,1,100,27.9295,2968,30.1359,2965
1915,facialFeatureBalanced,Gpol+Vmem,1,100,32.316,2999,33.3735,99
1916,facialFeatureBalanced,Gpol+Vmem,1,100,22.5048,2999,28.0391,2999
1917,facialFeatureBalanced,Gpol+Vmem,1,100,22.7259,2999,28.3749,2999
1918,facialFeatureBalanced,Gpol+Vmem,1,100,24.098,2994,29.2087,2987
1919,facialFeatureBalanced,Gpol+Vmem,1,100,35.8515,2931,33.9056,99
1920,facialFeatureBalanced,Gpol+Vmem,1,100,35.3796,2904,33.6647,2922
1921,facialFeatureBalanced,Gpol+Vmem,1,100,23.9244,2998,29.4875,2999
1922,facialFeatureBalanced,Gpol+Vmem,1,100,35.5147,1842,33.7781,99
1923,facialFeatureBalanced,Gpol+Vmem,1,100,21.6884,2618,26.3901,2717
1924,facialFeatureBalanced,Gpol+Vmem,2,100,20.6348,2825,27.0137,2826
1925,facialFeatureBalanced,Gpol+Vmem,2,100,15.8774,2950,26.3435,2942
1926,facialFeatureBalanced,Gpol+Vmem,2,100,25.9373,2862,31.1246,2853
1927,facialFeatureBalanced,Gpol+Vmem,2,100,22.1381,1156,27.6174,1156
1928,facialFeatureBalanced,Gpol+Vmem,2,100,15.7846,2999,26.2684,2999
1929,facialFeatureBalanced,Gpol+Vmem,2,100,27.2462,2766,29.6177,2776
1930,facialFeatureBalanced,Gpol+Vmem,2,100,25.1728,2999,29.7316,2998
1931,facialFeatureBalanced,Gpol+Vmem,2,100,31.72,2871,33.5631,2872
1932,facialFeatureBalanced,Gpol+Vmem,2,100,31.6951,2933,32.8709,2929
1933,facialFeatureBalanced,Gpol+Vmem,2,100,24.2593,1329,29.1609,1329
1934,facialFeatureBalanced,Gpol+Vmem,2,100,22.4586,2950,28.3759,2936
1935,facialFeatureBalanced,Gpol+Vmem,2,100,23.1181,2985,29.1714,2999
1936,facialFeatureBalanced,Gpol-only,1,301,27.7985,2999,31.1373,2999
1937,facialFeatureBalanced,Gpol-only,1,301,18.0934,2993,26.2488,2992
1938,facialFeatureBalanced,Gpol-only,1,301,15.362,2951,25.3674,2945
1939,facialFeatureBalanced,Gpol-only,1,301,10.0017,2994,22.2948,2985
1940,facialFeatureBalanced,Gpol-only,1,301,24.2352,2935,29.1645,2922
1941,facialFeatureBalanced,Gpol-only,1,301,15.7027,2999,24.9892,2999
1942,facialFeatureBalanced,Gpol-only,1,301,24.527,2999,29.1584,2999
1943,facialFeatureBalanced,Gpol-only,1,301,9.9756,2999,22.156,2996
1944,facialFeatureBalanced,Gpol-only,1,301,14.9706,2954,25.3056,2968
1945,facialFeatureBalanced,Gpol-only,1,301,24.9601,2999,30.0028,2989
1946,facialFeatureBalanced,Gpol-only,1,301,29.1846,2911,33.8685,2917
1947,facialFeatureBalanced,Gpol-only,1,301,11.2238,2999,22.5374,2999
1948,facialFeatureBalanced,Gpol-only,2,301,28.6677,2739,30.9603,2737
1949,facialFeatureBalanced,Gpol-only,2,301,32.471,1078,32.7352,1077
1950,facialFeatureBalanced,Gpol-only,2,301,30.5485,2928,31.4185,2926
1951,facialFeatureBalanced,Gpol-only,2,301,24.2333,2961,28.6315,2959
1952,facialFeatureBalanced,Gpol-only,2,301,25.519,2759,29.2777,2856
1953,facialFeatureBalanced,Gpol-only,2,301,28.4236,2716,30.6612,2752
1954,facialFeatureBalanced,Gpol-only,2,301,27.6063,2905,30.4381,2906
1955,facialFeatureBalanced,Gpol-only,2,301,29.9738,2464,31.7849,2456
1956,facialFeatureBalanced,Gpol-only,2,301,25.6497,2719,29.3632,2727
1957,facialFeatureBalanced,Gpol-only,2,301,31.4013,2707,31.4561,2942
1958,facialFeatureBalanced,Gpol-only,2,301,30.6579,1982,30.5153,1981
1959,facialFeatureBalanced,Gpol-only,2,301,29.7517,2939,31.4677,2933
1960,facialFeatureBalanced,Gpol+Vmem,1,301,34.3042,2821,32.6046,259
1961,facialFeatureBalanced,Gpol+Vmem,1,301,20.8905,2949,27.7923,2934
1962,facialFeatureBalanced,Gpol+Vmem,1,301,32.7835,2872,31.1093,298
1963,facialFeatureBalanced,Gpol+Vmem,1,301,37.6225,2004,32.9898,260
1964,facialFeatureBalanced,Gpol+Vmem,1,301,33.5402,972,31.1788,263
1965,facialFeatureBalanced,Gpol+Vmem,1,301,20.9364,2718,26.8919,2704
1966,facialFeatureBalanced,Gpol+Vmem,1,301,31.2372,2886,32.152,259
1967,facialFeatureBalanced,Gpol+Vmem,1,301,24.1861,2999,28.5493,2999
1968,facialFeatureBalanced,Gpol+Vmem,1,301,33.7421,753,30.3733,268
1969,facialFeatureBalanced,Gpol+Vmem,1,301,33.1388,2838,32.396,253
1970,facialFeatureBalanced,Gpol+Vmem,1,301,26.5477,2995,30.0558,2999
1971,facialFeatureBalanced,Gpol+Vmem,1,301,25.0734,2780,29.8097,2826
1972,facialFeatureBalanced,Gpol+Vmem,2,301,15.771,2922,24.9631,2919
1973,facialFeatureBalanced,Gpol+Vmem,2,301,27.3642,1433,30.7693,2923
1974,facialFeatureBalanced,Gpol+Vmem,2,301,22.955,2915,30.4126,2915
1975,facialFeatureBalanced,Gpol+Vmem,2,301,30.0709,2893,32.1271,2886
1976,facialFeatureBalanced,Gpol+Vmem,2,301,25.5582,2865,29.1313,2863
1977,facialFeatureBalanced,Gpol+Vmem,2,301,24.5841,2922,29.8768,2918
1978,facialFeatureBalanced,Gpol+Vmem,2,301,16.2928,2694,26.0825,2740
1979,facialFeatureBalanced,Gpol+Vmem,2,301,25.5748,2817,30.8327,2917
1980,facialFeatureBalanced,Gpol+Vmem,2,301,30.5681,2940,32.6389,2940
1981,facialFeatureBalanced,Gpol+Vmem,2,301,25.2878,2923,29.1167,2916
1982,facialFeatureBalanced,Gpol+Vmem,2,301,15.6453,2875,26.3698,2872
1983,facialFeatureBalanced,Gpol+Vmem,2,301,20.815,990,27.5858,985
