fileNumber,lossMethod,mechanism,depth,T,partScore,partBestTimestep,coverage,separation,spurious
1600,correlation,Gpol-only,1,100,6.0174,2726,2.1667,4,0.0746
1601,correlation,Gpol-only,1,100,6.0174,2829,2.1667,4,0.0746
1602,correlation,Gpol-only,1,100,5.9577,2706,2.1667,4,0.1045
1603,correlation,Gpol-only,1,100,5.7736,2838,1.8333,4,0.0299
1604,correlation,Gpol-only,1,100,5.6542,2921,1.8333,4,0.0896
1605,correlation,Gpol-only,1,100,5.1716,1746,1.5,4,0.1642
1606,globalsum,Gpol-only,1,100,6.0771,2984,2.1667,4,0.0448
1607,globalsum,Gpol-only,1,100,5.6119,1714,2.0,4,0.194
1608,globalsum,Gpol-only,1,100,3.9104,2746,2.0,2,0.0448
1609,globalsum,Gpol-only,1,100,5.7736,2804,1.8333,4,0.0299
1610,globalsum,Gpol-only,1,100,6.107,2858,2.1667,4,0.0299
1611,globalsum,Gpol-only,1,100,5.5174,2985,1.6667,4,0.0746
1612,correlation,Gpol-only,2,100,6.2139,1120,2.3333,4,0.0597
1613,correlation,Gpol-only,2,100,6.3259,1536,2.8333,4,0.2537
1614,correlation,Gpol-only,2,100,5.5647,1765,1.8333,4,0.1343
1615,correlation,Gpol-only,2,100,6.6891,1639,3.1667,4,0.2388
1616,correlation,Gpol-only,2,100,5.3085,1287,1.6667,4,0.1791
1617,correlation,Gpol-only,2,100,6.5348,2608,2.8333,4,0.1493
1618,globalsum,Gpol-only,2,100,4.2139,944,1.3333,3,0.0597
1619,globalsum,Gpol-only,2,100,5.9154,1668,2.3333,4,0.209
1620,globalsum,Gpol-only,2,100,5.8682,2878,2.1667,4,0.1493
1621,globalsum,Gpol-only,2,100,6.5348,1290,2.8333,4,0.1493
1622,globalsum,Gpol-only,2,100,5.107,2867,1.1667,4,0.0299
1623,globalsum,Gpol-only,2,100,5.4876,2787,1.6667,4,0.0896
1624,correlation,Gpol+Vmem,1,100,6.2139,2831,2.3333,4,0.0597
1625,correlation,Gpol+Vmem,1,100,6.3806,2891,2.5,4,0.0597
1626,correlation,Gpol+Vmem,1,100,5.2139,2900,2.3333,3,0.0597
1627,correlation,Gpol+Vmem,1,100,5.7786,882,2.1667,4,0.194
1628,correlation,Gpol+Vmem,1,100,6.2736,1922,2.3333,4,0.0299
1629,correlation,Gpol+Vmem,1,100,5.5771,2879,1.6667,4,0.0448
1630,globalsum,Gpol+Vmem,1,100,5.9104,2734,2.0,4,0.0448
1631,globalsum,Gpol+Vmem,1,100,6.5174,2739,2.6667,4,0.0746
1632,globalsum,Gpol+Vmem,1,100,5.0473,2764,2.1667,3,0.0597
1633,globalsum,Gpol+Vmem,1,100,6.0174,1893,2.1667,4,0.0746
1634,globalsum,Gpol+Vmem,1,100,5.607,2981,1.6667,4,0.0299
1635,globalsum,Gpol+Vmem,1,100,6.6667,2885,2.6667,4,0.0
1636,correlation,Gpol+Vmem,2,100,5.9453,1041,2.3333,4,0.194
1637,correlation,Gpol+Vmem,2,100,7.0945,1126,3.3333,4,0.1194
1638,correlation,Gpol+Vmem,2,100,7.4279,2965,3.6667,4,0.1194
1639,correlation,Gpol+Vmem,2,100,6.8507,2295,3.0,4,0.0746
1640,correlation,Gpol+Vmem,2,100,6.2612,1453,2.5,4,0.1194
1641,correlation,Gpol+Vmem,2,100,5.5174,1097,1.6667,4,0.0746
1642,globalsum,Gpol+Vmem,2,100,6.5473,766,2.6667,4,0.0597
1643,globalsum,Gpol+Vmem,2,100,5.8507,2983,2.0,4,0.0746
1644,globalsum,Gpol+Vmem,2,100,4.4577,1478,1.6667,3,0.1045
1645,globalsum,Gpol+Vmem,2,100,7.3682,2918,3.6667,4,0.1493
1646,globalsum,Gpol+Vmem,2,100,6.4403,2747,2.5,4,0.0299
1647,globalsum,Gpol+Vmem,2,100,5.0821,1405,1.5,4,0.209
1648,correlation,Gpol-only,1,301,6.107,2336,2.1667,4,0.0299
1649,correlation,Gpol-only,1,301,6.1368,2944,2.1667,4,0.0149
1650,correlation,Gpol-only,1,301,5.1119,1642,1.5,4,0.194
1651,correlation,Gpol-only,1,301,6.2139,2692,2.3333,4,0.0597
1652,correlation,Gpol-only,1,301,6.9876,2638,3.1667,4,0.0896
1653,correlation,Gpol-only,1,301,6.1542,2912,2.3333,4,0.0896
1654,globalsum,Gpol-only,1,301,5.9453,2872,2.3333,4,0.194
1655,globalsum,Gpol-only,1,301,5.4453,1647,1.8333,4,0.194
1656,globalsum,Gpol-only,1,301,6.5945,2764,2.8333,4,0.1194
1657,globalsum,Gpol-only,1,301,4.0473,2013,1.1667,3,0.0597
1658,globalsum,Gpol-only,1,301,5.6953,2940,2.0833,4,0.194
1659,globalsum,Gpol-only,1,301,5.9876,2988,2.1667,4,0.0896
1660,correlation,Gpol-only,2,301,6.0697,2639,2.6667,4,0.2985
1661,correlation,Gpol-only,2,301,5.7015,2495,3.0,3,0.1493
1662,correlation,Gpol-only,2,301,5.9104,2982,3.0,3,0.0448
1663,correlation,Gpol-only,2,301,5.9876,1057,2.1667,4,0.0896
1664,correlation,Gpol-only,2,301,6.5174,2561,2.6667,4,0.0746
1665,correlation,Gpol-only,2,301,6.0647,2418,2.3333,4,0.1343
1666,globalsum,Gpol-only,2,301,6.2139,946,2.3333,4,0.0597
1667,globalsum,Gpol-only,2,301,5.7015,2639,3.0,3,0.1493
1668,globalsum,Gpol-only,2,301,5.5,2928,2.5,3,0.0
1669,globalsum,Gpol-only,2,301,6.3209,2988,2.5,4,0.0896
1670,globalsum,Gpol-only,2,301,6.1418,2955,2.5,4,0.1791
1671,globalsum,Gpol-only,2,301,5.9577,1080,2.1667,4,0.1045
1672,correlation,Gpol+Vmem,1,301,5.5821,1499,2.0,4,0.209
1673,correlation,Gpol+Vmem,1,301,6.607,1746,2.6667,4,0.0299
1674,correlation,Gpol+Vmem,1,301,6.0174,2878,2.1667,4,0.0746
1675,correlation,Gpol+Vmem,1,301,5.5174,2894,1.6667,4,0.0746
1676,correlation,Gpol+Vmem,1,301,5.4876,803,1.6667,4,0.0896
1677,correlation,Gpol+Vmem,1,301,3.7438,872,0.8333,3,0.0448
1678,globalsum,Gpol+Vmem,1,301,6.5945,1795,2.8333,4,0.1194
1679,globalsum,Gpol+Vmem,1,301,5.9279,2055,2.1667,4,0.1194
1680,globalsum,Gpol+Vmem,1,301,5.8682,1566,2.1667,4,0.1493
1681,globalsum,Gpol+Vmem,1,301,5.4751,1026,1.8333,4,0.1791
1682,globalsum,Gpol+Vmem,1,301,5.107,1359,1.1667,4,0.0299
1683,globalsum,Gpol+Vmem,1,301,6.9403,2242,3.0,4,0.0299
1684,correlation,Gpol+Vmem,2,301,5.9279,1970,2.1667,4,0.1194
1685,correlation,Gpol+Vmem,2,301,5.9104,1794,3.0,3,0.0448
1686,correlation,Gpol+Vmem,2,301,4.9876,909,1.1667,4,0.0896
1687,correlation,Gpol+Vmem,2,301,6.291,1813,2.5,4,0.1045
1688,correlation,Gpol+Vmem,2,301,5.6542,1900,1.8333,4,0.0896
1689,correlation,Gpol+Vmem,2,301,5.3383,1205,1.6667,4,0.1642
1690,globalsum,Gpol+Vmem,2,301,6.9876,2943,3.1667,4,0.0896
1691,globalsum,Gpol+Vmem,2,301,7.5771,2949,3.6667,4,0.0448
1692,globalsum,Gpol+Vmem,2,301,5.9453,1425,2.3333,4,0.194
1693,globalsum,Gpol+Vmem,2,301,5.9453,1791,2.3333,4,0.194
1694,globalsum,Gpol+Vmem,2,301,5.4701,2977,1.5,4,0.0149
1695,globalsum,Gpol+Vmem,2,301,6.6841,2966,2.8333,4,0.0746
1696,correlation,Gpol-only,1,100,6.107,2778,2.1667,4,0.0299
1697,correlation,Gpol-only,1,100,6.3333,2906,2.3333,4,0.0
1698,correlation,Gpol-only,1,100,4.2139,2943,1.3333,3,0.0597
1699,correlation,Gpol-only,1,100,5.0174,2866,2.1667,3,0.0746
1700,correlation,Gpol-only,1,100,5.291,1673,1.5,4,0.1045
1701,correlation,Gpol-only,1,100,6.4577,2984,2.6667,4,0.1045
1702,globalsum,Gpol-only,1,100,6.0771,2957,2.1667,4,0.0448
1703,globalsum,Gpol-only,1,100,6.0771,2984,2.1667,4,0.0448
1704,globalsum,Gpol-only,1,100,6.0174,2706,2.1667,4,0.0746
1705,globalsum,Gpol-only,1,100,6.5771,2992,2.6667,4,0.0448
1706,globalsum,Gpol-only,1,100,4.7438,2753,1.8333,3,0.0448
1707,globalsum,Gpol-only,1,100,5.8333,2913,1.8333,4,0.0
1708,correlation,Gpol-only,2,100,6.4751,1386,2.8333,4,0.1791
1709,correlation,Gpol-only,2,100,4.3682,2878,1.6667,3,0.1493
1710,correlation,Gpol-only,2,100,4.6542,812,1.8333,3,0.0896
1711,correlation,Gpol-only,2,100,5.9154,1250,2.3333,4,0.209
1712,correlation,Gpol-only,2,100,5.7612,1430,2.0,4,0.1194
1713,correlation,Gpol-only,2,100,5.3682,1212,1.6667,4,0.1493
1714,globalsum,Gpol-only,2,100,6.5945,1384,2.8333,4,0.1194
1715,globalsum,Gpol-only,2,100,6.291,1893,2.5,4,0.1045
1716,globalsum,Gpol-only,2,100,7.3682,2670,3.6667,4,0.1493
1717,globalsum,Gpol-only,2,100,7.4279,2982,3.6667,4,0.1194
1718,globalsum,Gpol-only,2,100,5.1841,2707,2.3333,3,0.0746
1719,globalsum,Gpol-only,2,100,6.0647,1561,2.3333,4,0.1343
1720,correlation,Gpol+Vmem,1,100,5.8682,2071,2.1667,4,0.1493
1721,correlation,Gpol+Vmem,1,100,5.505,997,1.8333,4,0.1642
1722,correlation,Gpol+Vmem,1,100,6.4403,2670,2.5,4,0.0299
1723,correlation,Gpol+Vmem,1,100,5.898,2260,2.1667,4,0.1343
1724,correlation,Gpol+Vmem,1,100,4.9701,2793,2.0,3,0.0149
1725,correlation,Gpol+Vmem,1,100,5.8682,1739,2.1667,4,0.1493
1726,globalsum,Gpol+Vmem,1,100,4.8209,563,2.0,3,0.0896
1727,globalsum,Gpol+Vmem,1,100,6.4403,2978,2.5,4,0.0299
1728,globalsum,Gpol+Vmem,1,100,6.2736,2921,2.3333,4,0.0299
1729,globalsum,Gpol+Vmem,1,100,6.4701,1790,2.5,4,0.0149
1730,globalsum,Gpol+Vmem,1,100,6.607,2883,2.6667,4,0.0299
1731,globalsum,Gpol+Vmem,1,100,6.5348,2279,2.8333,4,0.1493
1732,correlation,Gpol+Vmem,2,100,6.0473,2875,2.1667,4,0.0597
1733,correlation,Gpol+Vmem,2,100,5.7786,1375,2.1667,4,0.194
1734,correlation,Gpol+Vmem,2,100,6.6244,1288,2.8333,4,0.1045
1735,correlation,Gpol+Vmem,2,100,5.2612,1449,1.5,4,0.1194
1736,correlation,Gpol+Vmem,2,100,6.2488,2483,2.6667,4,0.209
1737,correlation,Gpol+Vmem,2,100,6.291,2915,2.5,4,0.1045
1738,globalsum,Gpol+Vmem,2,100,6.5348,1506,2.8333,4,0.1493
1739,globalsum,Gpol+Vmem,2,100,5.8682,1026,2.1667,4,0.1493
1740,globalsum,Gpol+Vmem,2,100,5.5473,1111,1.6667,4,0.0597
1741,globalsum,Gpol+Vmem,2,100,7.2786,1173,3.6667,4,0.194
1742,globalsum,Gpol+Vmem,2,100,6.0945,1419,2.3333,4,0.1194
1743,globalsum,Gpol+Vmem,2,100,5.3507,1429,1.5,4,0.0746
1744,correlation,Gpol-only,1,301,4.107,2094,1.1667,3,0.0299
1745,correlation,Gpol-only,1,301,6.005,2778,2.3333,4,0.1642
1746,correlation,Gpol-only,1,301,5.0224,1641,1.5,4,0.2388
1747,correlation,Gpol-only,1,301,5.4453,1628,1.8333,4,0.194
1748,correlation,Gpol-only,1,301,5.4453,1624,1.8333,4,0.194
1749,correlation,Gpol-only,1,301,4.1542,2947,1.3333,3,0.0896
1750,globalsum,Gpol-only,1,301,4.1294,2863,1.6667,3,0.2687
1751,globalsum,Gpol-only,1,301,6.005,2799,2.3333,4,0.1642
1752,globalsum,Gpol-only,1,301,6.005,2711,2.3333,4,0.1642
1753,globalsum,Gpol-only,1,301,6.2736,2969,2.3333,4,0.0299
1754,globalsum,Gpol-only,1,301,6.0348,2763,2.3333,4,0.1493
1755,globalsum,Gpol-only,1,301,5.7139,2678,1.8333,4,0.0597
1756,correlation,Gpol-only,2,301,6.5771,2929,2.6667,4,0.0448
1757,correlation,Gpol-only,2,301,6.3507,2745,2.5,4,0.0746
1758,correlation,Gpol-only,2,301,5.5473,1120,1.6667,4,0.0597
1759,correlation,Gpol-only,2,301,5.9403,2951,2.0,4,0.0299
1760,correlation,Gpol-only,2,301,5.7612,2396,3.0,3,0.1194
1761,correlation,Gpol-only,2,301,5.9876,1112,2.1667,4,0.0896
1762,globalsum,Gpol-only,2,301,5.4403,2910,1.5,4,0.0299
1763,globalsum,Gpol-only,2,301,7.0348,2471,3.3333,4,0.1493
1764,globalsum,Gpol-only,2,301,6.2139,989,2.3333,4,0.0597
1765,globalsum,Gpol-only,2,301,7.005,2588,3.3333,4,0.1642
1766,globalsum,Gpol-only,2,301,5.0473,2895,2.1667,3,0.0597
1767,globalsum,Gpol-only,2,301,6.107,2979,2.1667,4,0.0299
1768,correlation,Gpol+Vmem,1,301,5.2313,1834,1.5,4,0.1343
1769,correlation,Gpol+Vmem,1,301,6.1542,1061,2.3333,4,0.0896
1770,correlation,Gpol+Vmem,1,301,7.1667,2987,3.1667,4,0.0
1771,correlation,Gpol+Vmem,1,301,5.1716,1952,1.5,4,0.1642
1772,correlation,Gpol+Vmem,1,301,6.0174,1800,2.1667,4,0.0746
1773,correlation,Gpol+Vmem,1,301,6.4403,2903,2.5,4,0.0299
1774,globalsum,Gpol+Vmem,1,301,5.4751,1778,1.8333,4,0.1791
1775,globalsum,Gpol+Vmem,1,301,5.7736,721,1.8333,4,0.0299
1776,globalsum,Gpol+Vmem,1,301,5.7015,2304,2.0,4,0.1493
1777,globalsum,Gpol+Vmem,1,301,6.7736,2726,2.8333,4,0.0299
1778,globalsum,Gpol+Vmem,1,301,6.5174,2969,2.6667,4,0.0746
1779,globalsum,Gpol+Vmem,1,301,5.3209,2508,1.5,4,0.0896
1780,correlation,Gpol+Vmem,2,301,6.3333,858,2.3333,4,0.0
1781,correlation,Gpol+Vmem,2,301,6.3035,2887,2.3333,4,0.0149
1782,correlation,Gpol+Vmem,2,301,5.107,805,2.1667,3,0.0299
1783,correlation,Gpol+Vmem,2,301,7.4403,2970,3.5,4,0.0299
1784,correlation,Gpol+Vmem,2,301,6.7736,1018,2.8333,4,0.0299
1785,correlation,Gpol+Vmem,2,301,6.7612,1094,3.0,4,0.1194
1786,globalsum,Gpol+Vmem,2,301,5.3209,825,1.5,4,0.0896
1787,globalsum,Gpol+Vmem,2,301,5.0473,2964,2.1667,3,0.0597
1788,globalsum,Gpol+Vmem,2,301,5.791,2950,2.0,4,0.1045
1789,globalsum,Gpol+Vmem,2,301,6.1244,2904,2.3333,4,0.1045
1790,globalsum,Gpol+Vmem,2,301,5.8209,2935,2.0,4,0.0896
1791,globalsum,Gpol+Vmem,2,301,5.8507,2983,2.0,4,0.0746
1792,facialFeatureOnly,Gpol-only,1,100,5.5348,2896,1.8333,4,0.1493
1793,facialFeatureOnly,Gpol-only,1,100,5.7736,2768,1.8333,4,0.0299
1794,facialFeatureOnly,Gpol-only,1,100,5.7139,2742,1.8333,4,0.0597
1795,facialFeatureOnly,Gpol-only,1,100,4.898,1571,1.1667,4,0.1343
1796,facialFeatureOnly,Gpol-only,1,100,5.505,2788,1.8333,4,0.1642
1797,facialFeatureOnly,Gpol-only,1,100,5.107,2826,1.1667,4,0.0299
1798,facialFeatureOnly,Gpol-only,1,100,4.898,2845,2.1667,3,0.1343
1799,facialFeatureOnly,Gpol-only,1,100,6.1057,2976,2.5833,4,0.2388
1800,facialFeatureOnly,Gpol-only,1,100,4.898,2892,3.1667,2,0.1343
1801,facialFeatureOnly,Gpol-only,1,100,5.0883,2789,1.4167,4,0.1642
1802,facialFeatureOnly,Gpol-only,1,100,6.0945,2848,2.3333,4,0.1194
1803,facialFeatureOnly,Gpol-only,1,100,6.2189,2940,2.6667,4,0.2239
1804,facialFeatureOnly,Gpol-only,2,100,6.0348,1556,2.3333,4,0.1493
1805,facialFeatureOnly,Gpol-only,2,100,6.9751,2877,3.3333,4,0.1791
1806,facialFeatureOnly,Gpol-only,2,100,6.2015,2907,2.5,4,0.1493
1807,facialFeatureOnly,Gpol-only,2,100,7.0348,2811,3.3333,4,0.1493
1808,facialFeatureOnly,Gpol-only,2,100,4.4154,2935,1.8333,3,0.209
1809,facialFeatureOnly,Gpol-only,2,100,6.7488,1690,3.1667,4,0.209
1810,facialFeatureOnly,Gpol-only,2,100,5.1667,1192,1.1667,4,0.0
1811,facialFeatureOnly,Gpol-only,2,100,5.9154,1538,2.3333,4,0.209
1812,facialFeatureOnly,Gpol-only,2,100,7.398,2927,3.6667,4,0.1343
1813,facialFeatureOnly,Gpol-only,2,100,6.005,1687,2.3333,4,0.1642
1814,facialFeatureOnly,Gpol-only,2,100,6.8507,2891,3.0,4,0.0746
1815,facialFeatureOnly,Gpol-only,2,100,7.005,2868,3.3333,4,0.1642
1816,facialFeatureOnly,Gpol+Vmem,1,100,5.8085,797,2.1667,4,0.1791
1817,facialFeatureOnly,Gpol+Vmem,1,100,6.1244,2619,2.3333,4,0.1045
1818,facialFeatureOnly,Gpol+Vmem,1,100,6.4577,2888,2.6667,4,0.1045
1819,facialFeatureOnly,Gpol+Vmem,1,100,7.2612,2978,3.5,4,0.1194
1820,facialFeatureOnly,Gpol+Vmem,1,100,5.8333,2232,1.8333,4,0.0
1821,facialFeatureOnly,Gpol+Vmem,1,100,5.291,1626,1.5,4,0.1045
1822,facialFeatureOnly,Gpol+Vmem,1,100,5.3682,2899,2.6667,3,0.1493
1823,facialFeatureOnly,Gpol+Vmem,1,100,6.505,2865,2.8333,4,0.1642
1824,facialFeatureOnly,Gpol+Vmem,1,100,6.398,2973,2.6667,4,0.1343
1825,facialFeatureOnly,Gpol+Vmem,1,100,6.8035,2678,2.8333,4,0.0149
1826,facialFeatureOnly,Gpol+Vmem,1,100,7.0174,2845,3.1667,4,0.0746
1827,facialFeatureOnly,Gpol+Vmem,1,100,6.1244,2821,2.3333,4,0.1045
1828,facialFeatureOnly,Gpol+Vmem,2,100,5.9876,2725,2.1667,4,0.0896
1829,facialFeatureOnly,Gpol+Vmem,2,100,6.6542,2623,2.8333,4,0.0896
1830,facialFeatureOnly,Gpol+Vmem,2,100,5.398,1164,1.6667,4,0.1343
1831,facialFeatureOnly,Gpol+Vmem,2,100,7.0348,2961,3.3333,4,0.1493
1832,facialFeatureOnly,Gpol+Vmem,2,100,6.5473,837,2.6667,4,0.0597
1833,facialFeatureOnly,Gpol+Vmem,2,100,6.1418,2900,2.5,4,0.1791
1834,facialFeatureOnly,Gpol+Vmem,2,100,5.6418,1369,2.0,4,0.1791
1835,facialFeatureOnly,Gpol+Vmem,2,100,5.9279,2952,2.1667,4,0.1194
1836,facialFeatureOnly,Gpol+Vmem,2,100,6.2139,832,2.3333,4,0.0597
1837,facialFeatureOnly,Gpol+Vmem,2,100,5.7662,2792,2.3333,4,0.2836
1838,facialFeatureOnly,Gpol+Vmem,2,100,6.5348,2659,2.8333,4,0.1493
1839,facialFeatureOnly,Gpol+Vmem,2,100,4.2139,829,1.3333,3,0.0597
1840,facialFeatureOnly,Gpol-only,1,301,6.255,2845,2.5833,4,0.1642
1841,facialFeatureOnly,Gpol-only,1,301,5.5647,2689,1.8333,4,0.1343
1842,facialFeatureOnly,Gpol-only,1,301,5.505,2774,1.8333,4,0.1642
1843,facialFeatureOnly,Gpol-only,1,301,5.9453,2850,2.3333,4,0.194
1844,facialFeatureOnly,Gpol-only,1,301,5.5647,2742,1.8333,4,0.1343
1845,facialFeatureOnly,Gpol-only,1,301,6.1356,2819,2.5833,4,0.2239
1846,facialFeatureOnly,Gpol-only,1,301,6.7488,2930,3.1667,4,0.209
1847,facialFeatureOnly,Gpol-only,1,301,6.005,2863,2.3333,4,0.1642
1848,facialFeatureOnly,Gpol-only,1,301,5.6244,2699,1.8333,4,0.1045
1849,facialFeatureOnly,Gpol-only,1,301,5.9876,2715,2.1667,4,0.0896
1850,facialFeatureOnly,Gpol-only,1,301,6.0697,2912,2.6667,4,0.2985
1851,facialFeatureOnly,Gpol-only,1,301,5.5647,2722,1.8333,4,0.1343
1852,facialFeatureOnly,Gpol-only,2,301,7.0522,2910,3.5,4,0.2239
1853,facialFeatureOnly,Gpol-only,2,301,6.0348,1290,2.3333,4,0.1493
1854,facialFeatureOnly,Gpol-only,2,301,6.1418,2987,2.5,4,0.1791
1855,facialFeatureOnly,Gpol-only,2,301,6.8682,2891,3.1667,4,0.1493
1856,facialFeatureOnly,Gpol-only,2,301,6.3682,2874,2.6667,4,0.1493
1857,facialFeatureOnly,Gpol-only,2,301,7.6119,2887,4.0,4,0.194
1858,facialFeatureOnly,Gpol-only,2,301,5.4577,1280,1.6667,4,0.1045
1859,facialFeatureOnly,Gpol-only,2,301,6.7189,2967,3.1667,4,0.2239
1860,facialFeatureOnly,Gpol-only,2,301,7.6418,2890,4.0,4,0.1791
1861,facialFeatureOnly,Gpol-only,2,301,7.1592,2949,3.6667,4,0.2537
1862,facialFeatureOnly,Gpol-only,2,301,7.7015,2878,4.0,4,0.1493
1863,facialFeatureOnly,Gpol-only,2,301,7.2015,2860,3.5,4,0.1493
1864,facialFeatureOnly,Gpol+Vmem,1,301,6.398,2620,2.6667,4,0.1343
1865,facialFeatureOnly,Gpol+Vmem,1,301,4.5473,885,1.6667,3,0.0597
1866,facialFeatureOnly,Gpol+Vmem,1,301,6.5473,2779,2.6667,4,0.0597
1867,facialFeatureOnly,Gpol+Vmem,1,301,6.0771,762,2.1667,4,0.0448
1868,facialFeatureOnly,Gpol+Vmem,1,301,5.9577,2673,2.1667,4,0.1045
1869,facialFeatureOnly,Gpol+Vmem,1,301,4.898,1468,1.1667,4,0.1343
1870,facialFeatureOnly,Gpol+Vmem,1,301,7.4577,2922,3.6667,4,0.1045
1871,facialFeatureOnly,Gpol+Vmem,1,301,5.3259,2705,1.8333,4,0.2537
1872,facialFeatureOnly,Gpol+Vmem,1,301,5.4403,2087,1.5,4,0.0299
1873,facialFeatureOnly,Gpol+Vmem,1,301,5.3085,1320,1.6667,4,0.1791
1874,facialFeatureOnly,Gpol+Vmem,1,301,6.2736,2574,2.3333,4,0.0299
1875,facialFeatureOnly,Gpol+Vmem,1,301,6.3856,1524,2.8333,4,0.2239
1876,facialFeatureOnly,Gpol+Vmem,2,301,6.1542,931,2.3333,4,0.0896
1877,facialFeatureOnly,Gpol+Vmem,2,301,7.005,2992,3.3333,4,0.1642
1878,facialFeatureOnly,Gpol+Vmem,2,301,5.0398,2853,1.6667,4,0.3134
1879,facialFeatureOnly,Gpol+Vmem,2,301,6.6244,2994,2.8333,4,0.1045
1880,facialFeatureOnly,Gpol+Vmem,2,301,5.796,2746,2.3333,4,0.2687
1881,facialFeatureOnly,Gpol+Vmem,2,301,7.0945,2919,3.3333,4,0.1194
1882,facialFeatureOnly,Gpol+Vmem,2,301,6.5174,2945,2.6667,4,0.0746
1883,facialFeatureOnly,Gpol+Vmem,2,301,6.5348,1293,2.8333,4,0.1493
1884,facialFeatureOnly,Gpol+Vmem,2,301,5.4279,2902,1.6667,4,0.1194
1885,facialFeatureOnly,Gpol+Vmem,2,301,7.005,1040,3.3333,4,0.1642
1886,facialFeatureOnly,Gpol+Vmem,2,301,7.0473,2824,3.1667,4,0.0597
1887,facialFeatureOnly,Gpol+Vmem,2,301,5.7612,1243,2.0,4,0.1194
1888,facialFeatureBalanced,Gpol-only,1,100,6.3383,2847,2.6667,4,0.1642
1889,facialFeatureBalanced,Gpol-only,1,100,6.2015,2836,2.5,4,0.1493
1890,facialFeatureBalanced,Gpol-only,1,100,6.6716,2954,3.0,4,0.1642
1891,facialFeatureBalanced,Gpol-only,1,100,7.0174,2904,3.1667,4,0.0746
1892,facialFeatureBalanced,Gpol-only,1,100,5.6542,2759,1.8333,4,0.0896
1893,facialFeatureBalanced,Gpol-only,1,100,6.2313,2900,2.5,4,0.1343
1894,facialFeatureBalanced,Gpol-only,1,100,4.1368,2189,1.1667,3,0.0149
1895,facialFeatureBalanced,Gpol-only,1,100,5.0522,1713,1.5,4,0.2239
1896,facialFeatureBalanced,Gpol-only,1,100,6.2438,2892,2.3333,4,0.0448
1897,facialFeatureBalanced,Gpol-only,1,100,6.2438,2896,2.3333,4,0.0448
1898,facialFeatureBalanced,Gpol-only,1,100,6.2313,2885,2.5,4,0.1343
1899,facialFeatureBalanced,Gpol-only,1,100,6.5174,2855,2.6667,4,0.0746
1900,facialFeatureBalanced,Gpol-only,2,100,6.6542,2967,2.8333,4,0.0896
1901,facialFeatureBalanced,Gpol-only,2,100,5.6542,2993,1.8333,4,0.0896
1902,facialFeatureBalanced,Gpol-only,2,100,6.0348,1326,2.3333,4,0.1493
1903,facialFeatureBalanced,Gpol-only,2,100,5.2612,2899,2.5,3,0.1194
1904,facialFeatureBalanced,Gpol-only,2,100,7.3085,2811,3.6667,4,0.1791
1905,facialFeatureBalanced,Gpol-only,2,100,5.7488,1658,2.1667,4,0.209
1906,facialFeatureBalanced,Gpol-only,2,100,7.1244,2982,3.3333,4,0.1045
1907,facialFeatureBalanced,Gpol-only,2,100,6.6244,2903,2.8333,4,0.1045
1908,facialFeatureBalanced,Gpol-only,2,100,6.3507,2940,2.5,4,0.0746
1909,facialFeatureBalanced,Gpol-only,2,100,5.3383,1441,1.6667,4,0.1642
1910,facialFeatureBalanced,Gpol-only,2,100,5.6368,2873,2.6667,3,0.0149
1911,facialFeatureBalanced,Gpol-only,2,100,5.9876,2656,2.1667,4,0.0896
1912,facialFeatureBalanced,Gpol+Vmem,1,100,5.505,1843,1.8333,4,0.1642
1913,facialFeatureBalanced,Gpol+Vmem,1,100,6.2139,2792,2.3333,4,0.0597
1914,facialFeatureBalanced,Gpol+Vmem,1,100,6.4104,1685,2.5,4,0.0448
1915,facialFeatureBalanced,Gpol+Vmem,1,100,5.9751,2899,2.3333,4,0.1791
1916,facialFeatureBalanced,Gpol+Vmem,1,100,7.0174,2889,3.1667,4,0.0746
1917,facialFeatureBalanced,Gpol+Vmem,1,100,7.1841,2997,3.3333,4,0.0746
1918,facialFeatureBalanced,Gpol+Vmem,1,100,6.791,2960,3.0,4,0.1045
1919,facialFeatureBalanced,Gpol+Vmem,1,100,4.791,2886,2.0,3,0.1045
1920,facialFeatureBalanced,Gpol+Vmem,1,100,6.0473,2945,2.1667,4,0.0597
1921,facialFeatureBalanced,Gpol+Vmem,1,100,5.3507,1444,1.5,4,0.0746
1922,facialFeatureBalanced,Gpol+Vmem,1,100,5.9876,1900,2.1667,4,0.0896
1923,facialFeatureBalanced,Gpol+Vmem,1,100,7.3333,2689,3.3333,4,0.0
1924,facialFeatureBalanced,Gpol+Vmem,2,100,6.4751,2711,2.8333,4,0.1791
1925,facialFeatureBalanced,Gpol+Vmem,2,100,7.1542,1128,3.3333,4,0.0896
1926,facialFeatureBalanced,Gpol+Vmem,2,100,6.5348,1475,2.8333,4,0.1493
1927,facialFeatureBalanced,Gpol+Vmem,2,100,7.1841,1133,3.3333,4,0.0746
1928,facialFeatureBalanced,Gpol+Vmem,2,100,7.1891,2989,3.6667,4,0.2388
1929,facialFeatureBalanced,Gpol+Vmem,2,100,6.7438,2915,2.8333,4,0.0448
1930,facialFeatureBalanced,Gpol+Vmem,2,100,6.6716,2964,3.0,4,0.1642
1931,facialFeatureBalanced,Gpol+Vmem,2,100,6.0647,1061,2.3333,4,0.1343
1932,facialFeatureBalanced,Gpol+Vmem,2,100,5.2612,2911,2.5,3,0.1194
1933,facialFeatureBalanced,Gpol+Vmem,2,100,7.0945,1323,3.3333,4,0.1194
1934,facialFeatureBalanced,Gpol+Vmem,2,100,6.7612,2888,3.0,4,0.1194
1935,facialFeatureBalanced,Gpol+Vmem,2,100,6.5821,2989,3.0,4,0.209
1936,facialFeatureBalanced,Gpol-only,1,301,5.755,2706,2.0833,4,0.1642
1937,facialFeatureBalanced,Gpol-only,1,301,5.2786,2984,3.6667,2,0.194
1938,facialFeatureBalanced,Gpol-only,1,301,5.9453,2841,2.3333,4,0.194
1939,facialFeatureBalanced,Gpol-only,1,301,5.6716,2969,4.0,2,0.1642
1940,facialFeatureBalanced,Gpol-only,1,301,4.8085,2897,3.1667,2,0.1791
1941,facialFeatureBalanced,Gpol-only,1,301,6.1953,2846,2.5833,4,0.194
1942,facialFeatureBalanced,Gpol-only,1,301,5.4453,2795,1.8333,4,0.194
1943,facialFeatureBalanced,Gpol-only,1,301,5.6716,2975,4.0,2,0.1642
1944,facialFeatureBalanced,Gpol-only,1,301,5.2189,2861,1.6667,4,0.2239
1945,facialFeatureBalanced,Gpol-only,1,301,6.6119,2973,3.0,4,0.194
1946,facialFeatureBalanced,Gpol-only,1,301,5.5647,2695,1.8333,4,0.1343
1947,facialFeatureBalanced,Gpol-only,1,301,5.4279,2973,3.6667,2,0.1194
1948,facialFeatureBalanced,Gpol-only,2,301,6.5647,2763,2.8333,4,0.1343
1949,facialFeatureBalanced,Gpol-only,2,301,6.0945,1047,2.3333,4,0.1194
1950,facialFeatureBalanced,Gpol-only,2,301,4.898,2887,2.1667,3,0.1343
1951,facialFeatureBalanced,Gpol-only,2,301,6.7612,2929,3.0,4,0.1194
1952,facialFeatureBalanced,Gpol-only,2,301,6.3085,1294,2.6667,4,0.1791
1953,facialFeatureBalanced,Gpol-only,2,301,5.4701,2895,2.5,3,0.0149
1954,facialFeatureBalanced,Gpol-only,2,301,5.6418,2894,3.0,3,0.1791
1955,facialFeatureBalanced,Gpol-only,2,301,6.2736,2947,2.3333,4,0.0299
1956,facialFeatureBalanced,Gpol-only,2,301,6.0771,1196,2.1667,4,0.0448
1957,facialFeatureBalanced,Gpol-only,2,301,5.291,2960,2.5,3,0.1045
1958,facialFeatureBalanced,Gpol-only,2,301,6.4104,1955,2.5,4,0.0448
1959,facialFeatureBalanced,Gpol-only,2,301,6.3507,2912,2.5,4,0.0746
1960,facialFeatureBalanced,Gpol+Vmem,1,301,6.2736,2785,2.3333,4,0.0299
1961,facialFeatureBalanced,Gpol+Vmem,1,301,7.005,2901,3.3333,4,0.1642
1962,facialFeatureBalanced,Gpol+Vmem,1,301,6.2139,2997,2.3333,4,0.0597
1963,facialFeatureBalanced,Gpol+Vmem,1,301,5.5945,1761,1.8333,4,0.1194
1964,facialFeatureBalanced,Gpol+Vmem,1,301,6.2736,1195,2.3333,4,0.0299
1965,facialFeatureBalanced,Gpol+Vmem,1,301,7.2438,2817,3.3333,4,0.0448
1966,facialFeatureBalanced,Gpol+Vmem,1,301,6.4876,2947,2.6667,4,0.0896
1967,facialFeatureBalanced,Gpol+Vmem,1,301,6.898,2980,3.1667,4,0.1343
1968,facialFeatureBalanced,Gpol+Vmem,1,301,6.2736,725,2.3333,4,0.0299
1969,facialFeatureBalanced,Gpol+Vmem,1,301,5.107,2225,1.1667,4,0.0299
1970,facialFeatureBalanced,Gpol+Vmem,1,301,6.9577,2982,3.1667,4,0.1045
1971,facialFeatureBalanced,Gpol+Vmem,1,301,5.791,953,2.0,4,0.1045
1972,facialFeatureBalanced,Gpol+Vmem,2,301,7.398,2878,3.6667,4,0.1343
1973,facialFeatureBalanced,Gpol+Vmem,2,301,6.5771,2885,2.6667,4,0.0448
1974,facialFeatureBalanced,Gpol+Vmem,2,301,5.7488,1473,2.1667,4,0.209
1975,facialFeatureBalanced,Gpol+Vmem,2,301,6.4577,2967,2.6667,4,0.1045
1976,facialFeatureBalanced,Gpol+Vmem,2,301,6.1716,1682,2.5,4,0.1642
1977,facialFeatureBalanced,Gpol+Vmem,2,301,6.4279,2708,2.6667,4,0.1194
1978,facialFeatureBalanced,Gpol+Vmem,2,301,7.4279,2972,3.6667,4,0.1194
1979,facialFeatureBalanced,Gpol+Vmem,2,301,5.5174,1051,1.6667,4,0.0746
1980,facialFeatureBalanced,Gpol+Vmem,2,301,6.2313,2930,2.5,4,0.1343
1981,facialFeatureBalanced,Gpol+Vmem,2,301,6.9876,2893,3.1667,4,0.0896
1982,facialFeatureBalanced,Gpol+Vmem,2,301,6.1542,1279,2.3333,4,0.0896
1983,facialFeatureBalanced,Gpol+Vmem,2,301,6.7189,2980,3.1667,4,0.2239
