fileNumber,lossMethod,mechanism,depth,T,bulkBestLoss,numSimIters,featureRMS_mV,featureBestTimestep
1792,facialFeatureOnly,Gpol-only,1,100,0.03702277869723503,3000,36.1174,2996
1793,facialFeatureOnly,Gpol-only,1,100,0.031507607993034634,3000,30.8109,2999
1794,facialFeatureOnly,Gpol-only,1,100,0.029939848779606343,3000,29.2115,2944
1795,facialFeatureOnly,Gpol-only,1,100,0.024748278689525997,3000,23.6305,2999
1796,facialFeatureOnly,Gpol-only,1,100,0.03508356351863008,3000,34.3904,2959
1797,facialFeatureOnly,Gpol-only,1,100,0.03739176599954811,3000,34.6572,2999
1798,facialFeatureOnly,Gpol-only,1,100,0.030302472603632655,3000,28.8392,2999
1799,facialFeatureOnly,Gpol-only,1,100,0.027067405176707658,3000,21.6315,2999
1800,facialFeatureOnly,Gpol-only,1,100,0.024214244633556977,3000,23.9271,2926
1801,facialFeatureOnly,Gpol-only,1,100,0.03259597852094701,3000,32.2531,2852
1802,facialFeatureOnly,Gpol-only,1,100,0.030178857549989252,3000,28.9127,2988
1803,facialFeatureOnly,Gpol-only,1,100,0.03275856791085692,3000,30.7634,2967
1804,facialFeatureOnly,Gpol-only,2,100,0.023950071114879477,3000,22.3484,2924
1805,facialFeatureOnly,Gpol-only,2,100,0.012682328505398438,3000,10.6446,2940
1806,facialFeatureOnly,Gpol-only,2,100,0.027538941763049975,3000,26.8741,2958
1807,facialFeatureOnly,Gpol-only,2,100,0.022165378575607197,3000,20.5715,2840
1808,facialFeatureOnly,Gpol-only,2,100,0.037495075434265966,3000,36.7381,2965
1809,facialFeatureOnly,Gpol-only,2,100,0.008762261557709428,3000,8.579,2923
1810,facialFeatureOnly,Gpol-only,2,100,0.04020166604629519,3000,33.6509,1677
1811,facialFeatureOnly,Gpol-only,2,100,0.037183871532567435,3000,32.1098,1413
1812,facialFeatureOnly,Gpol-only,2,100,0.018834613905421644,3000,17.6033,2957
1813,facialFeatureOnly,Gpol-only,2,100,0.03441018036669085,3000,16.2363,1784
1814,facialFeatureOnly,Gpol-only,2,100,0.025030826262551615,3000,24.8945,2942
1815,facialFeatureOnly,Gpol-only,2,100,0.019546363355839463,3000,19.4006,2999
1816,facialFeatureOnly,Gpol+Vmem,1,100,0.036923369386490136,3000,35.0703,2652
1817,facialFeatureOnly,Gpol+Vmem,1,100,0.03754097753431763,3000,33.4048,1728
1818,facialFeatureOnly,Gpol+Vmem,1,100,0.030314159550429386,3000,30.1578,2919
1819,facialFeatureOnly,Gpol+Vmem,1,100,0.024502914902910528,3000,20.2758,2999
1820,facialFeatureOnly,Gpol+Vmem,1,100,0.03411450714000312,3000,33.69,2917
1821,facialFeatureOnly,Gpol+Vmem,1,100,0.03203666221130078,3000,30.1295,2999
1822,facialFeatureOnly,Gpol+Vmem,1,100,0.02757383070747684,3000,27.2269,2930
1823,facialFeatureOnly,Gpol+Vmem,1,100,0.009153201045895594,3000,8.8144,2921
1824,facialFeatureOnly,Gpol+Vmem,1,100,0.029996112208767675,3000,24.8765,2999
1825,facialFeatureOnly,Gpol+Vmem,1,100,0.032715456567649986,3000,26.6952,2492
1826,facialFeatureOnly,Gpol+Vmem,1,100,0.028032264927948282,3000,25.7728,2867
1827,facialFeatureOnly,Gpol+Vmem,1,100,0.027905501767390085,3000,27.6576,2897
1828,facialFeatureOnly,Gpol+Vmem,2,100,0.022235495627085763,3000,21.5957,2943
1829,facialFeatureOnly,Gpol+Vmem,2,100,0.03639167995023419,3000,27.944,2480
1830,facialFeatureOnly,Gpol+Vmem,2,100,0.02639053032762599,3000,26.072,2925
1831,facialFeatureOnly,Gpol+Vmem,2,100,0.020843540121106452,3000,20.4545,2856
1832,facialFeatureOnly,Gpol+Vmem,2,100,0.03277053954774628,3000,30.8189,867
1833,facialFeatureOnly,Gpol+Vmem,2,100,0.03145539312558056,3000,30.8249,1382
1834,facialFeatureOnly,Gpol+Vmem,2,100,0.02019829633816568,3000,19.9817,2932
1835,facialFeatureOnly,Gpol+Vmem,2,100,0.03202888840043945,3000,25.8099,944
1836,facialFeatureOnly,Gpol+Vmem,2,100,0.03433697877725617,3000,31.23,860
1837,facialFeatureOnly,Gpol+Vmem,2,100,0.021932140386638058,3000,21.4183,2905
1838,facialFeatureOnly,Gpol+Vmem,2,100,0.02849271815484242,3000,27.3342,2693
1839,facialFeatureOnly,Gpol+Vmem,2,100,0.024965797666286337,3000,24.7787,2909
1840,facialFeatureOnly,Gpol-only,1,301,0.02023265723061593,3000,16.9858,2999
1841,facialFeatureOnly,Gpol-only,1,301,0.01583703208403065,3000,13.2183,2999
1842,facialFeatureOnly,Gpol-only,1,301,0.01785297503894025,3000,15.2146,2971
1843,facialFeatureOnly,Gpol-only,1,301,0.012697775198170317,3000,9.9627,2981
1844,facialFeatureOnly,Gpol-only,1,301,0.0270464665767354,3000,25.7205,2999
1845,facialFeatureOnly,Gpol-only,1,301,0.019415879082895098,3000,19.193,2999
1846,facialFeatureOnly,Gpol-only,1,301,0.02407405689831098,3000,22.8702,2999
1847,facialFeatureOnly,Gpol-only,1,301,0.013530334136007892,3000,9.9402,2992
1848,facialFeatureOnly,Gpol-only,1,301,0.029479619105936373,3000,28.1858,2870
1849,facialFeatureOnly,Gpol-only,1,301,0.028677676926356123,3000,27.9117,2950
1850,facialFeatureOnly,Gpol-only,1,301,0.02540514949858899,3000,23.2725,2972
1851,facialFeatureOnly,Gpol-only,1,301,0.015063312342197972,3000,13.1195,2999
1852,facialFeatureOnly,Gpol-only,2,301,0.021328178046606867,3000,21.1164,2933
1853,facialFeatureOnly,Gpol-only,2,301,0.025237492279634344,3000,25.1228,2911
1854,facialFeatureOnly,Gpol-only,2,301,0.031500230566591826,3000,29.5795,2911
1855,facialFeatureOnly,Gpol-only,2,301,0.02391569492689826,3000,23.727,2935
1856,facialFeatureOnly,Gpol-only,2,301,0.0319469822604337,3000,31.9038,2869
1857,facialFeatureOnly,Gpol-only,2,301,0.008980852649805422,3000,8.7463,2932
1858,facialFeatureOnly,Gpol-only,2,301,0.020277449110627142,3000,20.0746,2917
1859,facialFeatureOnly,Gpol-only,2,301,0.023831181145392673,3000,23.7787,2924
1860,facialFeatureOnly,Gpol-only,2,301,0.009260158506875966,3000,9.1465,2930
1861,facialFeatureOnly,Gpol-only,2,301,0.01599784617806369,3000,15.8416,2918
1862,facialFeatureOnly,Gpol-only,2,301,0.00959957505761578,3000,9.4777,2935
1863,facialFeatureOnly,Gpol-only,2,301,0.02199045851415832,3000,21.5025,2889
1864,facialFeatureOnly,Gpol+Vmem,1,301,0.030281085379914478,3000,29.2713,2660
1865,facialFeatureOnly,Gpol+Vmem,1,301,0.041050764837266565,3000,36.5118,294
1866,facialFeatureOnly,Gpol+Vmem,1,301,0.031692228941638145,3000,30.8668,2764
1867,facialFeatureOnly,Gpol+Vmem,1,301,0.03393585862284414,3000,33.8577,2999
1868,facialFeatureOnly,Gpol+Vmem,1,301,0.03244367991950186,3000,31.9597,2958
1869,facialFeatureOnly,Gpol+Vmem,1,301,0.03876970183983138,3000,27.3021,332
1870,facialFeatureOnly,Gpol+Vmem,1,301,0.02448820796795313,3000,20.022,2928
1871,facialFeatureOnly,Gpol+Vmem,1,301,0.020827951442188422,3000,20.5007,2917
1872,facialFeatureOnly,Gpol+Vmem,1,301,0.03456125832487081,3000,31.1792,2860
1873,facialFeatureOnly,Gpol+Vmem,1,301,0.03414298456420764,3000,33.6786,2885
1874,facialFeatureOnly,Gpol+Vmem,1,301,0.03655690784822547,3000,33.1523,2608
1875,facialFeatureOnly,Gpol+Vmem,1,301,0.029367202336720303,3000,27.6114,1536
1876,facialFeatureOnly,Gpol+Vmem,2,301,0.030833259992486522,3000,29.1079,2850
1877,facialFeatureOnly,Gpol+Vmem,2,301,0.021289478863655256,3000,21.2091,2916
1878,facialFeatureOnly,Gpol+Vmem,2,301,0.026842255392293648,3000,26.4029,2930
1879,facialFeatureOnly,Gpol+Vmem,2,301,0.028810144169957613,3000,27.5791,2673
1880,facialFeatureOnly,Gpol+Vmem,2,301,0.010893070305625363,3000,9.3391,2884
1881,facialFeatureOnly,Gpol+Vmem,2,301,0.02088269961787758,3000,20.6143,2829
1882,facialFeatureOnly,Gpol+Vmem,2,301,0.031103680003483427,3000,30.4958,2972
1883,facialFeatureOnly,Gpol+Vmem,2,301,0.026672952108912264,3000,26.3239,2893
1884,facialFeatureOnly,Gpol+Vmem,2,301,0.03669915423679414,3000,36.323,2999
1885,facialFeatureOnly,Gpol+Vmem,2,301,0.025581952862097232,3000,20.973,1070
1886,facialFeatureOnly,Gpol+Vmem,2,301,0.025318076854950713,3000,23.3165,2850
1887,facialFeatureOnly,Gpol+Vmem,2,301,0.03591347403630761,3000,34.9721,2974
1888,facialFeatureBalanced,Gpol-only,1,100,0.03222622082659307,3000,29.1454,2877
1889,facialFeatureBalanced,Gpol-only,1,100,0.032703781401565955,3000,31.3129,2999
1890,facialFeatureBalanced,Gpol-only,1,100,0.032255486691494514,3000,25.8912,2989
1891,facialFeatureBalanced,Gpol-only,1,100,0.02902987533483392,3000,25.1642,2935
1892,facialFeatureBalanced,Gpol-only,1,100,0.03438103326371091,3000,30.7485,2927
1893,facialFeatureBalanced,Gpol-only,1,100,0.03322406201435406,3000,31.8445,2999
1894,facialFeatureBalanced,Gpol-only,1,100,0.033544297961275754,3000,32.7821,2950
1895,facialFeatureBalanced,Gpol-only,1,100,0.037002883367491884,3000,36.2605,336
1896,facialFeatureBalanced,Gpol-only,1,100,0.03179473960516875,3000,31.1347,2979
1897,facialFeatureBalanced,Gpol-only,1,100,0.031600334892978865,3000,30.586,2999
1898,facialFeatureBalanced,Gpol-only,1,100,0.03277332787580238,3000,31.4788,2999
1899,facialFeatureBalanced,Gpol-only,1,100,0.031182913205434502,3000,29.145,2880
1900,facialFeatureBalanced,Gpol-only,2,100,0.03125117748509926,3000,24.6151,1644
1901,facialFeatureBalanced,Gpol-only,2,100,0.03676341726686452,3000,30.041,2165
1902,facialFeatureBalanced,Gpol-only,2,100,0.03338529985294776,3000,29.6225,2927
1903,facialFeatureBalanced,Gpol-only,2,100,0.030881102602730054,3000,29.3642,2927
1904,facialFeatureBalanced,Gpol-only,2,100,0.026843849890286632,3000,15.6656,2859
1905,facialFeatureBalanced,Gpol-only,2,100,0.031566172162895284,3000,27.5892,2999
1906,facialFeatureBalanced,Gpol-only,2,100,0.029532821330885986,3000,24.4211,2985
1907,facialFeatureBalanced,Gpol-only,2,100,0.030353984599675924,3000,27.5941,2944
1908,facialFeatureBalanced,Gpol-only,2,100,0.03114952846754874,3000,29.0252,2970
1909,facialFeatureBalanced,Gpol-only,2,100,0.03159373653994417,3000,29.2512,2961
1910,facialFeatureBalanced,Gpol-only,2,100,0.029478653890397853,3000,28.6714,2910
1911,facialFeatureBalanced,Gpol-only,2,100,0.03400818177721362,3000,26.3458,1272
1912,facialFeatureBalanced,Gpol+Vmem,1,100,0.03324140019016514,3000,31.929,2959
1913,facialFeatureBalanced,Gpol+Vmem,1,100,0.03503441121898654,3000,31.1297,2820
1914,facialFeatureBalanced,Gpol+Vmem,1,100,0.030545198641221454,3000,27.9295,2968
1915,facialFeatureBalanced,Gpol+Vmem,1,100,0.0338883166936968,3000,32.316,2999
1916,facialFeatureBalanced,Gpol+Vmem,1,100,0.028123281499587288,3000,22.5048,2999
1917,facialFeatureBalanced,Gpol+Vmem,1,100,0.030101426636992744,3000,22.7259,2999
1918,facialFeatureBalanced,Gpol+Vmem,1,100,0.03219989575908913,3000,24.098,2994
1919,facialFeatureBalanced,Gpol+Vmem,1,100,0.03446887998069829,3000,35.8515,2931
1920,facialFeatureBalanced,Gpol+Vmem,1,100,0.034226183385559376,3000,35.3796,2904
1921,facialFeatureBalanced,Gpol+Vmem,1,100,0.030285415585869224,3000,23.9244,2998
1922,facialFeatureBalanced,Gpol+Vmem,1,100,0.0360071781239016,3000,35.5147,1842
1923,facialFeatureBalanced,Gpol+Vmem,1,100,0.027438627677050804,3000,21.6884,2618
1924,facialFeatureBalanced,Gpol+Vmem,2,100,0.027903087469452224,3000,20.6348,2825
1925,facialFeatureBalanced,Gpol+Vmem,2,100,0.0266496177949598,3000,15.8774,2950
1926,facialFeatureBalanced,Gpol+Vmem,2,100,0.03139433088303565,3000,25.9373,2862
1927,facialFeatureBalanced,Gpol+Vmem,2,100,0.03223096626468302,3000,22.1381,1156
1928,facialFeatureBalanced,Gpol+Vmem,2,100,0.027386286621657485,3000,15.7846,2999
1929,facialFeatureBalanced,Gpol+Vmem,2,100,0.030122390896403547,3000,27.2462,2766
1930,facialFeatureBalanced,Gpol+Vmem,2,100,0.031852375816684445,3000,25.1728,2999
1931,facialFeatureBalanced,Gpol+Vmem,2,100,0.03367947089090336,3000,31.72,2871
1932,facialFeatureBalanced,Gpol+Vmem,2,100,0.03302154825227812,3000,31.6951,2933
1933,facialFeatureBalanced,Gpol+Vmem,2,100,0.02994636007901539,3000,24.2593,1329
1934,facialFeatureBalanced,Gpol+Vmem,2,100,0.028505713473854593,3000,22.4586,2950
1935,facialFeatureBalanced,Gpol+Vmem,2,100,0.029523306023203834,3000,23.1181,2985
1936,facialFeatureBalanced,Gpol-only,1,301,0.03231481034824387,3000,27.7985,2999
1937,facialFeatureBalanced,Gpol-only,1,301,0.026825562184528588,3000,18.0934,2993
1938,facialFeatureBalanced,Gpol-only,1,301,0.025652370286845867,3000,15.362,2951
1939,facialFeatureBalanced,Gpol-only,1,301,0.024421639695877444,3000,10.0017,2994
1940,facialFeatureBalanced,Gpol-only,1,301,0.02933971872517132,3000,24.2352,2935
1941,facialFeatureBalanced,Gpol-only,1,301,0.02724102036983976,3000,15.7027,2999
1942,facialFeatureBalanced,Gpol-only,1,301,0.030688151137492355,3000,24.527,2999
1943,facialFeatureBalanced,Gpol-only,1,301,0.026272786126040032,3000,9.9756,2999
1944,facialFeatureBalanced,Gpol-only,1,301,0.02579253378188987,3000,14.9706,2954
1945,facialFeatureBalanced,Gpol-only,1,301,0.030993921394392,3000,24.9601,2999
1946,facialFeatureBalanced,Gpol-only,1,301,0.03409343966399689,3000,29.1846,2911
1947,facialFeatureBalanced,Gpol-only,1,301,0.024022259390779583,3000,11.2238,2999
1948,facialFeatureBalanced,Gpol-only,2,301,0.0331922815685956,3000,28.6677,2739
1949,facialFeatureBalanced,Gpol-only,2,301,0.03426694276072334,3000,32.471,1078
1950,facialFeatureBalanced,Gpol-only,2,301,0.03156928075252683,3000,30.5485,2928
1951,facialFeatureBalanced,Gpol-only,2,301,0.029031975672561414,3000,24.2333,2961
1952,facialFeatureBalanced,Gpol-only,2,301,0.029368201565553163,3000,25.519,2759
1953,facialFeatureBalanced,Gpol-only,2,301,0.03129977011415207,3000,28.4236,2716
1954,facialFeatureBalanced,Gpol-only,2,301,0.03254284355853253,3000,27.6063,2905
1955,facialFeatureBalanced,Gpol-only,2,301,0.033172048816354105,3000,29.9738,2464
1956,facialFeatureBalanced,Gpol-only,2,301,0.032923487965762915,3000,25.6497,2719
1957,facialFeatureBalanced,Gpol-only,2,301,0.03171247040363008,3000,31.4013,2707
1958,facialFeatureBalanced,Gpol-only,2,301,0.03554826066378116,3000,30.6579,1982
1959,facialFeatureBalanced,Gpol-only,2,301,0.031786168990666684,3000,29.7517,2939
1960,facialFeatureBalanced,Gpol+Vmem,1,301,0.033580907118890946,3000,34.3042,2821
1961,facialFeatureBalanced,Gpol+Vmem,1,301,0.027975723327601516,3000,20.8905,2949
1962,facialFeatureBalanced,Gpol+Vmem,1,301,0.03274112586166599,3000,32.7835,2872
1963,facialFeatureBalanced,Gpol+Vmem,1,301,0.03772053606339136,3000,37.6225,2004
1964,facialFeatureBalanced,Gpol+Vmem,1,301,0.034443516039211586,3000,33.5402,972
1965,facialFeatureBalanced,Gpol+Vmem,1,301,0.02839212134342169,3000,20.9364,2718
1966,facialFeatureBalanced,Gpol+Vmem,1,301,0.032367620484721374,3000,31.2372,2886
1967,facialFeatureBalanced,Gpol+Vmem,1,301,0.03055850166576589,3000,24.1861,2999
1968,facialFeatureBalanced,Gpol+Vmem,1,301,0.03356900056111169,3000,33.7421,753
1969,facialFeatureBalanced,Gpol+Vmem,1,301,0.034080002232600895,3000,33.1388,2838
1970,facialFeatureBalanced,Gpol+Vmem,1,301,0.030614496451352356,3000,26.5477,2995
1971,facialFeatureBalanced,Gpol+Vmem,1,301,0.03136753768022725,3000,25.0734,2780
1972,facialFeatureBalanced,Gpol+Vmem,2,301,0.02499098853175724,3000,15.771,2922
1973,facialFeatureBalanced,Gpol+Vmem,2,301,0.030902654578543194,3000,27.3642,1433
1974,facialFeatureBalanced,Gpol+Vmem,2,301,0.03063293375359391,3000,22.955,2915
1975,facialFeatureBalanced,Gpol+Vmem,2,301,0.03222435620214641,3000,30.0709,2893
1976,facialFeatureBalanced,Gpol+Vmem,2,301,0.029320490165632658,3000,25.5582,2865
1977,facialFeatureBalanced,Gpol+Vmem,2,301,0.030096770529854825,3000,24.5841,2922
1978,facialFeatureBalanced,Gpol+Vmem,2,301,0.026730087400626032,3000,16.2928,2694
1979,facialFeatureBalanced,Gpol+Vmem,2,301,0.03106226024867839,3000,25.5748,2817
1980,facialFeatureBalanced,Gpol+Vmem,2,301,0.033575330155569724,3000,30.5681,2940
1981,facialFeatureBalanced,Gpol+Vmem,2,301,0.029358218866917182,3000,25.2878,2923
1982,facialFeatureBalanced,Gpol+Vmem,2,301,0.026547193875119602,3000,15.6453,2875
1983,facialFeatureBalanced,Gpol+Vmem,2,301,0.03277694580830989,3000,20.815,990
