fileNumber,mechanism,depth,T,lossMethod,batch,seedInBatch,bulkBestLoss,bulkCorrelationLoss,bulkGlobalsumLoss,trustCheckDiff,storedActualVmemFeatureRMS_mV,featureRMS_mV,featureBestTimestep,eyesRMS_mV,noseRMS_mV,mouthRMS_mV,eyesBestRMS_mV,eyesBestTimestep,noseBestRMS_mV,noseBestTimestep,mouthBestRMS_mV,mouthBestTimestep
1600,Gpol-only,1,100,correlation,1,0,0.9465511226887319,0.9467734552098062,3.6004564881501246,0.00022233252107428658,36.02492301795902,35.177168069298375,338,37.23992466639435,7.914105230095437,44.87638224133206,37.154689241122306,344,7.785274770437867,365,8.498055371838438,2778
1601,Gpol-only,1,100,correlation,1,1,0.9190532427412347,0.9193287211447919,3.5427085639754576,0.00027547840355723885,35.57258091541346,35.06343964222018,329,36.91490577233404,7.977963856894885,45.16488800776727,36.85373154836507,334,7.75785310927742,363,9.05496328130787,2882
1602,Gpol-only,1,100,correlation,1,2,1.0715502088492381,1.0714738320174517,3.7396649562478665,7.637683178640664e-05,36.9259258746185,35.89851892440065,2748,43.99091722314495,27.807710206149228,8.952441523991565,39.05979050606919,343,7.756719969662503,360,8.801448838056793,2761
1603,Gpol-only,1,100,correlation,1,3,0.8756581178768713,0.8763794239425697,3.4824601728003275,0.0007213060656984238,36.44916732242966,35.70315993271781,336,37.87251272877551,7.950046927442274,45.39380026303686,37.781622892404705,342,7.787912577530493,367,8.399444031005556,2894
1604,Gpol-only,1,100,correlation,1,4,1.0448858316398704,1.045376759886684,3.6281823015294696,0.0004909282468137377,35.99253950800374,33.749293085754175,332,36.253329722688505,7.791989218352912,41.83152860877923,36.184370277978886,338,7.699248096303814,357,8.544392486193162,2999
1605,Gpol-only,1,100,correlation,1,5,1.003250976870292,1.0031032643912434,3.707525283399678,0.00014771247904854512,47.917782211935624,35.7100805269144,333,38.26956687838251,7.886640919229245,44.534116547142574,37.75914377765919,2596,7.748691149458318,360,38.15717884298322,1654
1696,Gpol-only,1,100,correlation,2,0,0.9086646479967364,0.9095056138478549,3.51215369783924,0.0008409658511184803,35.09981683738064,34.79755090621206,331,36.45440483439172,7.96268027318879,45.205352931369426,36.368926382151365,337,7.763504531446983,363,8.486899606269029,2835
1697,Gpol-only,1,100,correlation,2,1,0.6665987929872889,0.6659723016013689,3.4377777066189283,0.0006264913859199694,35.27186289101292,34.684479252968735,2553,36.905280989422316,43.557092556552554,9.210942034498391,35.53067956636081,2342,7.769504753597629,363,8.15473009909865,2622
1698,Gpol-only,1,100,correlation,2,2,0.9161116955162764,0.9167971289347473,3.58949141871712,0.0006854334184709376,40.3424610029084,35.5104713369462,334,38.02595109979824,7.8659314141834376,44.34902387733465,34.883861420418825,2258,7.745756315991403,360,36.98259434728816,1725
1699,Gpol-only,1,100,correlation,2,3,0.9056175559806877,0.9059503707288245,3.5495221263115413,0.00033281474813673384,33.358561063066304,33.03374790525381,2906,25.98060841581953,29.486164116617864,49.22384678576182,25.97991413031653,2905,7.763281208919232,363,36.672258829915144,1755
1700,Gpol-only,1,100,correlation,2,4,0.8133729953087359,0.8134965750290613,3.518238174452213,0.00012357972032539521,36.72786775408883,35.68806855453684,338,37.98134695783351,7.871684490056174,45.10869589544384,24.446699057050928,2700,7.769112712815707,363,38.215098484873465,1662
1701,Gpol-only,1,100,correlation,2,5,0.9352230354949187,0.9352129588862428,3.568214946840588,1.0076608675912979e-05,30.043275422835038,30.043275422832814,2999,35.126875478480315,29.075349887596023,8.738241881655954,33.60578697264851,2750,7.770841529974512,362,8.478666544139536,2921
1606,Gpol-only,1,100,globalsum,1,0,3.508065082549157,0.9370547776329865,3.508052288957899,1.2793591257942438e-05,34.43477724526,34.43477724526,2999,42.288833220210115,24.737100523528238,12.356086584919295,37.23594638573153,336,7.728196875102424,358,12.356086584919295,2999
1607,Gpol-only,1,100,globalsum,1,1,3.50828415516556,0.8656004794452168,3.5076944494877185,0.0005897056778416676,36.58255544720691,29.437625139132532,1787,25.57205573343229,28.04756391565478,38.904134456254,25.566425115850876,1789,7.743408047481576,361,38.35478711137328,1657
1608,Gpol-only,1,100,globalsum,1,2,3.438768674970495,0.801010671592657,3.438730172721722,3.850224877322006e-05,27.722173059317466,27.448470889061355,2924,10.527962791560949,30.110138008377067,48.10160954026593,8.716618041199757,2795,7.767803866054203,363,38.062857705810224,1682
1609,Gpol-only,1,100,globalsum,1,3,3.513098736152297,0.9308512574454632,3.5140752078846713,0.0009764717323741401,36.797572331900234,34.560533592704225,332,36.501831629873706,7.905455556562125,44.25482410471802,36.39524409945874,339,7.739636368752053,361,8.485570612935168,2861
1610,Gpol-only,1,100,globalsum,1,4,3.508144533395505,0.9053172266804581,3.5095155445535693,0.0013710111580644835,35.077313384840565,35.077313384840565,2999,42.15280307033508,30.28297247002435,9.306003113117328,38.16073834716331,341,7.750683341742824,361,8.39232505162867,2828
1611,Gpol-only,1,100,globalsum,1,5,3.494269920667775,0.9239272847543886,3.4945527300781096,0.0002828094103346501,33.39030830930897,30.934916478034165,1915,28.184699530796834,26.39838863081869,40.62808444495706,28.10160517199266,1920,7.750450705563385,361,26.4229033095281,2999
1702,Gpol-only,1,100,globalsum,2,0,3.4824184224254,0.8733142827671595,3.4824948784600176,7.64560346175891e-05,34.921492285627,34.92149228562699,2999,41.957454184159495,30.26012672855436,8.99442839688768,37.93578039442892,340,7.759357293652762,361,8.419487831759628,2884
1703,Gpol-only,1,100,globalsum,2,1,3.4788113611051132,0.8845324430096323,3.4791253016787,0.0003139405735868017,35.16271091311444,34.26411006434975,331,36.568508239938645,7.897987656716126,43.01638584227189,36.455717609559606,338,7.7333615771781,361,8.420929541957559,2856
1704,Gpol-only,1,100,globalsum,2,2,3.7019279095901876,1.0715473664082908,3.702643886211613,0.0007159766214255292,35.7224073255808,35.623862951426574,2955,42.71094002955651,29.83047556957769,12.954633126927051,39.08435642621436,342,7.74258006275728,359,8.528934944589144,2754
1705,Gpol-only,1,100,globalsum,2,3,3.3931524367067394,0.7725656289646957,3.3929578406745433,0.00019459603219607047,24.834357094931317,24.834357094931317,2999,10.542678982983897,40.22596390087816,31.0422558033919,8.4648149448887,2808,7.731192856216002,359,31.0422558033919,2999
1706,Gpol-only,1,100,globalsum,2,4,3.4803533544442793,0.8266009217523402,3.4803505171508946,2.8372933846831927e-06,34.356560681074775,34.334811210030765,2832,22.06680359920431,42.036090745183465,49.354703617452095,21.819453656037417,2803,7.7809995098563505,365,38.19568805491265,1660
1707,Gpol-only,1,100,globalsum,2,5,3.4823948402311595,0.7192039841630672,3.4825633618368457,0.00016852160568614494,40.47769145132225,34.91556370724703,333,37.247680842427286,7.882884429297133,43.9007016649924,37.14043184486338,339,7.745982894491409,360,8.487703368642602,2625
1612,Gpol-only,2,100,correlation,1,0,0.8624633511994259,0.8629831123646485,3.615881102698621,0.0005197611652226763,32.709629682242735,25.050308925866464,2594,8.28745396243915,51.1844996114171,11.19877277635024,8.273148929264314,2600,8.226983853068944,351,8.219130808339695,2330
1613,Gpol-only,2,100,correlation,1,1,0.7422593362355807,0.7418102318799515,3.41714284435704,0.0004491043556291707,36.83793645271095,27.88356582416261,1496,27.424302734189048,38.90664105843873,10.440086270134744,25.882777505010036,1278,8.054579196720695,377,9.826599674999818,1517
1614,Gpol-only,2,100,correlation,1,2,1.0790423618501728,1.0789875745789022,3.8074951422497656,5.4787271270617666e-05,44.79543988937225,29.322140586391864,1447,26.286007478820697,39.07088597561597,25.362670034140777,25.569169804313336,1334,8.166987650053922,362,25.353412464068683,1451
1615,Gpol-only,2,100,correlation,1,3,0.7053225154936126,0.7054215389235601,3.372562521089623,9.902342994749791e-05,35.2258886956585,26.60792405009336,1641,28.01633761535415,31.60226527949816,14.563788565824561,24.672201718291177,2662,8.232319972666117,354,8.38299719778693,1095
1616,Gpol-only,2,100,correlation,1,4,0.7353529359969488,0.7352843569110216,3.4252107210312692,6.857908592727835e-05,38.10273701353609,31.75329153107566,1424,25.080550075387723,38.92909928306386,38.889180471182286,24.508896430306873,1348,8.233715700378605,352,38.06433970475494,1074
1617,Gpol-only,2,100,correlation,1,5,0.6791279190306798,0.6790432049144091,3.5101202343704037,8.471411627075653e-05,35.21474379174136,23.763421198025195,2650,10.46994302944099,47.23553817210289,10.571293880821097,8.395681542211017,2685,8.134469735546135,360,8.337213866654437,2435
1708,Gpol-only,2,100,correlation,2,0,0.7706948720814824,0.7706944192172923,3.58237075438963,4.528641900369834e-07,39.3180011645001,28.1000661235263,1381,27.666023392703,39.43509081804402,9.415272338862549,23.21627270272752,2526,8.072424349957393,376,8.353732363044271,1409
1709,Gpol-only,2,100,correlation,2,1,0.8858894167174598,0.8846828072320163,3.731880155761836,0.0012066094854434883,42.233432613073276,33.26622319026707,1144,35.24047302777704,42.1639762770576,8.649706634265973,34.32365614638738,2817,8.231883069135728,353,8.227635866790225,1166
1710,Gpol-only,2,100,correlation,2,2,0.8770165510063626,0.8760512504285167,3.6715344738304165,0.000965300577845829,35.42900909444755,31.70559819641709,2638,35.922063757798476,8.970591815190819,34.19969555614025,25.484388283972006,854,8.223890934177852,356,32.952292966321494,2720
1711,Gpol-only,2,100,correlation,2,3,0.7745343337455372,0.7747040217177066,3.561248283952746,0.00016968797216943,37.935045196887685,31.427685034245606,2553,23.42042020509784,16.172226154116117,53.712320298537215,23.25475491549186,2562,8.198140970523875,364,8.355789760910232,1121
1712,Gpol-only,2,100,correlation,2,4,0.8922013158725852,0.8938967136280819,3.617888930084814,0.0016953977554966526,43.395910805483915,32.79366369729661,2761,9.98932694159751,44.12947144215986,52.963563986377274,9.872367821439342,2745,8.194919109890632,369,25.40284643361503,1469
1713,Gpol-only,2,100,correlation,2,5,0.8357863458721208,0.8344738896428503,3.5709823373902267,0.0013124562292704534,48.99374189874223,33.75076516353526,2428,28.218971962561124,28.508784339291683,48.78135813755859,24.751068900516106,2169,8.15061899153316,361,38.10897140246302,1243
1618,Gpol-only,2,100,globalsum,1,0,3.6896410171809797,0.9957528390002852,3.6908036541680036,0.0011626369870239017,40.80862091944063,33.63253738701684,1150,35.72745897750708,42.419816445530884,8.682029592094029,34.61505993520842,979,8.224241979542805,353,8.373304100084455,1172
1619,Gpol-only,2,100,globalsum,1,1,3.7374779400740135,1.0158262669081193,3.737490619425859,1.2679351845346076e-05,43.45176686751994,33.26567881112246,1695,36.102054219107686,27.81569201881256,30.24605041177687,34.653041157733895,1243,8.174616138124241,395,24.564391852413262,1351
1620,Gpol-only,2,100,globalsum,1,2,3.7065856785430826,1.027801532714628,3.7064265667247858,0.00015911181829686427,34.82851171958536,34.82851171958536,2999,41.0433736319175,33.0263293460814,8.825526565540114,34.18050261824495,927,8.248751319237138,353,8.518283319743151,1407
1621,Gpol-only,2,100,globalsum,1,3,3.5747698333497033,0.8912625138440452,3.5740945009963863,0.0006753323533170708,38.003665737050255,27.126087995155405,1314,26.612645270435735,38.0650601221562,9.81216228739172,8.592062047109398,2658,8.231142045601539,353,8.605112539640587,1145
1622,Gpol-only,2,100,globalsum,1,4,3.76524843439393,0.9762805296862422,3.7650382249863106,0.0002102094076192884,42.34688847434287,36.3715985499066,2302,34.674246282726024,18.525242883866216,51.226698186063516,32.77710791418972,1105,8.198623488265104,362,9.921818926939233,1663
1623,Gpol-only,2,100,globalsum,1,5,3.732803180539944,1.0466234252991806,3.7332596424424507,0.0004564619025066996,39.70921681864705,31.870697159757917,1344,33.65927641875416,39.95682396139143,11.062854796846759,32.37066067747139,1287,8.187000872743706,362,8.560054982873181,1381
1714,Gpol-only,2,100,globalsum,2,0,3.487047238218706,0.8536813929188244,3.486053033761473,0.0009942044572333053,37.11080865334472,27.25352743013223,1209,24.59760918478465,41.929251777319514,9.73038400600244,24.59760918478465,1209,8.187372823262411,364,8.39931520078189,1068
1715,Gpol-only,2,100,globalsum,2,1,3.617398678655606,0.9754593546523624,3.617325627630256,7.305102535015706e-05,24.02678923528542,23.37767803133593,2941,8.455907302666734,24.73563673381246,41.80768470645699,8.342004872460622,2955,8.108295248519806,382,8.529077742673483,1443
1716,Gpol-only,2,100,globalsum,2,2,3.594218386567889,0.7805807908084967,3.5936625537819364,0.0005558327859525036,36.2236868256288,15.998099654996636,2660,12.874743347704827,25.803418348896844,9.302819830175736,8.455129245459375,2410,8.246742247299714,352,8.698070631088502,2686
1717,Gpol-only,2,100,globalsum,2,3,3.6419518453337485,0.9541854542396018,3.640917073990445,0.0010347713433036532,16.661418482414508,16.661418482414508,2999,8.365562947394539,30.965208236547763,12.248082993311689,8.338382639748044,2985,8.149865238443503,394,8.507881535580951,1295
1718,Gpol-only,2,100,globalsum,2,4,3.566664947433457,0.9311287425834218,3.5682303867061442,0.0015654392726873745,29.43410865351601,29.398291303706433,2978,10.421335580265705,38.36459465444768,47.66295973070989,8.268336074645987,2755,8.130235422196762,361,35.88135403595281,1055
1719,Gpol-only,2,100,globalsum,2,5,3.509348418021002,0.9397351747093021,3.5093611964073137,1.2778386311751433e-05,41.49995439526862,33.660291615579204,1448,36.688588473412764,40.17041994970391,9.179780913570324,34.71363735347703,1180,8.231339608197532,350,8.639292484346488,1474
1624,Gpol+Vmem,1,100,correlation,1,0,0.8138129471016567,0.8136787872160953,3.464776316788182,0.00013415988556142455,35.83562301069425,32.36598484157051,1877,31.190614238457535,28.305251210379375,38.64108597456254,31.188228069731633,1878,8.020994741717743,351,9.331090089202556,2688
1625,Gpol+Vmem,1,100,correlation,1,1,0.8798168591707882,0.8801147773237399,3.5137359750395696,0.00029791815295165947,32.39092368447251,32.28095465231821,2931,41.9087837856621,8.672522069767874,10.205117693450301,40.03786319785574,2571,8.035153738438309,395,8.703501925652391,2739
1626,Gpol+Vmem,1,100,correlation,1,2,0.8989655066923146,0.8991566018955395,3.6704978438769773,0.00019109520322491136,31.310961360358295,31.08983710816822,2946,12.43608691751396,38.728585655362586,50.97427945091558,8.337902008078437,2668,8.08687477494194,360,39.92007308889448,1120
1627,Gpol+Vmem,1,100,correlation,1,3,0.8603211239988267,0.85994134071306,3.6431130780476666,0.0003797832857665995,43.34073520331483,36.60723377540225,360,38.70011925062657,8.110970035284193,46.841208925388685,38.68814423690221,362,8.11063545615352,359,8.701968549492221,944
1628,Gpol+Vmem,1,100,correlation,1,4,0.8751030519761475,0.8762821683174589,3.718402284607363,0.0011791163413114036,47.899436370192156,33.78259441590816,1935,35.45003822998217,41.64084315936565,15.515266196558828,33.72986447867286,2360,7.851806150594685,358,9.154797059243583,1697
1629,Gpol+Vmem,1,100,correlation,1,5,0.8633197349046151,0.8630745978508524,3.643695473386364,0.0002451370537627229,39.87852365281655,38.65471708333782,2778,36.18786356229471,41.718036873374714,41.717081168947374,36.187672273667,2779,8.066426528932029,358,34.40215451157171,1065
1720,Gpol+Vmem,1,100,correlation,2,0,0.9568933326780225,0.9574619305328067,3.6958555735551384,0.0005685978547842474,43.04261158653348,36.49343166943685,2080,43.15298361979821,32.26438452908335,14.426552842123483,42.052883396903454,2999,8.097658204796689,360,8.973110888048819,1759
1721,Gpol+Vmem,1,100,correlation,2,1,0.8681954076323332,0.8677365034624753,3.6580095734857383,0.0004589041698578322,43.379420813474276,33.36211194603592,1042,34.68294499042019,43.72363915914689,8.639134589600578,34.681779161637714,1041,8.210639953814539,355,8.575028187022442,1053
1722,Gpol+Vmem,1,100,correlation,2,2,0.8701795136424476,0.8712175738883152,3.613180191884421,0.0010380602458676114,32.949005413676055,31.1280104550347,2694,25.528620737701647,30.23672024139128,43.23918331567147,25.22939379211934,2659,8.198397680818301,355,9.00876049045852,1089
1723,Gpol+Vmem,1,100,correlation,2,3,1.0139034378795193,1.013972848819417,3.815095626059834,6.94109398977627e-05,49.26532870193893,32.38961422244425,2287,24.93818739583712,40.35739947174374,40.10716865107726,24.93818739583712,2287,8.227549968423817,359,8.508752857829146,1108
1724,Gpol+Vmem,1,100,correlation,2,4,0.819793240293438,0.8200589487395505,3.50759712470926,0.00026570844611251143,39.2627220116357,36.18647247633066,2716,36.38810323959033,49.33913929112566,12.064363596357266,36.27727058852113,2634,8.197386836026,346,8.408426581211055,2528
1725,Gpol+Vmem,1,100,correlation,2,5,0.8592151703320987,0.8593850675482397,3.511282532998325,0.00016989721614102393,40.4553131821771,34.61108380985517,1760,41.61742872463255,28.134026554061727,13.420461681906216,38.25058756605268,356,7.828920658806191,363,9.140484802808512,1474
1630,Gpol+Vmem,1,100,globalsum,1,0,3.5470321373910565,0.8778244233211473,3.548020147890915,0.000988010499858305,36.284127439486134,36.04190988026164,2770,36.28920633338919,30.79502874162764,40.02506045544155,35.77611003523828,2582,7.845045174630713,358,39.4097442795302,2973
1631,Gpol+Vmem,1,100,globalsum,1,1,3.482654164544983,0.8367004145426535,3.482684045730745,2.9881185761748696e-05,30.83028404638699,30.540564568591883,2780,35.357277935591355,30.781830467560802,8.455867655823598,33.525121094828144,2496,7.933198948177574,371,8.2922670089719,2800
1632,Gpol+Vmem,1,100,globalsum,1,2,3.5442379936488324,0.8233607167142944,3.544195806394223,4.2187254609249436e-05,34.11131652375316,33.27951778287207,2794,25.069216509368424,33.597842250900094,48.618234957503866,25.057547196351713,2798,8.12078465045035,362,43.23898240154956,323
1633,Gpol+Vmem,1,100,globalsum,1,3,3.6770737845396733,0.925319433994539,3.676843770159687,0.00023001437998626528,44.947680725316324,33.175630499653764,1924,26.20392726239759,40.321528390229815,40.97995867794112,26.190235850281812,1920,8.248534591851067,354,8.410941102136833,1047
1634,Gpol+Vmem,1,100,globalsum,1,4,3.68436922624732,0.9387649363654138,3.6829603631077403,0.0014088631395798856,37.71582567512857,37.55293414044229,380,39.904849450310735,8.19275344780932,47.61855510689099,33.44657877421728,2485,8.182588085423403,349,36.292112012343345,2999
1635,Gpol+Vmem,1,100,globalsum,1,5,3.328504862593356,0.6496261365431343,3.328583096949579,7.823435622311692e-05,31.712062639227327,29.327667156340087,2854,33.28396893885824,30.587917845223583,11.137414283418519,33.27106397312169,2858,8.063376341984261,366,9.471029349722519,2749
1726,Gpol+Vmem,1,100,globalsum,2,0,3.6107219411571396,0.9339610649631714,3.61046312057146,0.00025882058567949784,38.141624469797925,36.18075980288929,573,33.587126879915616,17.487048052733964,52.86622120543165,33.11821379787993,590,8.114824212668347,366,42.761070174689905,2999
1727,Gpol+Vmem,1,100,globalsum,2,1,3.472561044486332,0.8164984289052036,3.4724838682956403,7.717619069191883e-05,30.298797190393923,30.298797190393923,2999,26.373987380473377,28.602090290940527,40.13852333601899,26.373987380473377,2999,7.805057287979361,353,39.41341159130521,2676
1728,Gpol+Vmem,1,100,globalsum,2,2,3.4609511173717897,0.7586023212854507,3.461350975260827,0.0003998578890374027,38.61708919468902,34.26535306850347,2915,35.823573760600915,42.690528809763606,15.313726377636096,35.779812749789734,2926,8.063103058911716,360,8.495905450145143,2609
1729,Gpol+Vmem,1,100,globalsum,2,3,3.6391170578468826,0.9725035579498306,3.6398564372731212,0.0007393794262386955,41.41736950588854,31.427873325569816,1828,40.86744363176493,8.622289025162926,9.01372857901906,39.18990994533085,2999,7.870479747081269,364,8.650315201682487,1769
1730,Gpol+Vmem,1,100,globalsum,2,4,3.3777929204029897,0.7681692368827142,3.3778277141307074,3.479372771764133e-05,30.531185743713774,30.445783114001735,2922,35.78514674345933,28.95969066016552,8.497746033368427,35.60099686175315,2842,7.765250904567722,355,8.360295928740898,2939
1731,Gpol+Vmem,1,100,globalsum,2,5,3.689151354462416,0.9095930611194597,3.6888768545885706,0.0002744998738455351,43.546309126509534,28.3892055978027,2296,25.286640789575827,14.972382283678254,42.799640222499704,25.096849555501688,2308,8.211369210393588,351,35.26132204112916,1589
1636,Gpol+Vmem,2,100,correlation,1,0,0.9312923350386381,0.9304545336141569,3.6808524036549413,0.0008378014244811993,40.18885065128784,33.64288874016106,1070,36.18515185651105,41.33211054322211,9.052875676794029,24.158903295175445,2921,8.295133418124715,403,8.3619177178872,1095
1637,Gpol+Vmem,2,100,correlation,1,1,0.8938587980107972,0.8938980602883821,3.6371535226573157,3.92622775849949e-05,38.193893982715956,23.328606982111825,1139,15.772882898540606,41.35305726923548,12.892348327271566,8.337993317521347,873,9.020562862019613,417,8.38329883551202,1189
1638,Gpol+Vmem,2,100,correlation,1,2,0.8730003714149799,0.8724264437752965,3.601909915588695,0.0005739276396833359,19.19906885887949,16.396219311705348,2761,8.585979369890941,31.222177910470496,9.11918479004188,8.562210477283433,2768,24.513825117334292,370,8.179255989123687,2600
1639,Gpol+Vmem,2,100,correlation,1,3,0.8324012330805987,0.8318664589533131,3.586502911804069,0.0005347741272855311,42.726037509190476,26.447882820651735,2318,9.332232033615044,33.580249239151804,43.6395967939074,8.641898726335475,2344,8.614767159719298,410,8.244177429439848,1476
1640,Gpol+Vmem,2,100,correlation,1,4,0.9134528613363712,0.913541428118966,3.640213047321606,8.856678259483441e-05,39.946884665020576,31.162777163288457,1023,11.687550060386561,40.98622354324404,49.87738082898956,8.850325070193852,828,8.90077265465612,1454,8.412414492495683,1510
1641,Gpol+Vmem,2,100,correlation,1,5,0.8349824097835621,0.834903163519136,3.5816757074112204,7.924626442612492e-05,40.76435934103113,37.19792754518243,643,34.192472344755494,31.652049814656202,48.34957186439055,34.19143986314528,645,22.81521709113018,372,39.94299562504386,1106
1732,Gpol+Vmem,2,100,correlation,2,0,0.9351516878243669,0.9354735912513351,3.6557876224566024,0.0003219034269682508,38.33277015702103,35.279614778254654,1100,39.0027524278626,40.832751440023465,9.191639653280387,38.98668951099116,1091,8.471612678916133,408,8.610334125837568,2567
1733,Gpol+Vmem,2,100,correlation,2,1,0.7454560857109634,0.7445624666817869,3.5981222635891434,0.0008936190291765067,42.86347479191952,37.056143534114014,1398,45.315333005499035,28.732864349843325,10.322162342235366,32.902082361415324,671,8.364318441849765,395,8.62163803794655,1455
1734,Gpol+Vmem,2,100,correlation,2,2,0.8313559622576214,0.8314794002729251,3.5072704250080378,0.00012343801530367848,46.422642336558695,27.624943289555286,1057,25.768977963103033,41.34967557039509,8.98547110770373,24.75736684690347,824,8.502170152440634,399,8.941094412104464,1044
1735,Gpol+Vmem,2,100,correlation,2,3,0.7742241918557913,0.7740595273414189,3.5770005733988977,0.00016466451437235907,42.659659802646175,39.47696529122211,703,33.318686668957426,43.235563787689856,49.426747352654765,33.27717527740646,694,8.763049292095754,433,39.92977599224216,1769
1736,Gpol+Vmem,2,100,correlation,2,4,0.8022039580262372,0.8017324077217874,3.6761863146385263,0.00047155030444978596,41.73298932126038,31.128001232282198,2505,35.5526086372904,9.222404985128769,32.65104562683813,32.93540255569778,869,8.20126641199258,2551,8.532023971123333,1335
1737,Gpol+Vmem,2,100,correlation,2,5,0.9373751272859863,0.9373310142780915,3.685708972207379,4.41130078947527e-05,33.465417196492936,30.294849367755774,2597,22.293368299697487,23.20282208900564,49.186121196805026,22.28882858291284,2598,23.030480358880137,2588,38.46164419933815,2911
1642,Gpol+Vmem,2,100,globalsum,1,0,3.2994334293901293,0.7456235183029588,3.299324369838622,0.00010905955150741775,40.76901337147088,30.525569379476945,796,34.90523350480599,32.068995643833134,8.427758700960222,34.25021463772718,2935,8.584077269381991,384,8.395717620569991,785
1643,Gpol+Vmem,2,100,globalsum,1,1,3.6704644934093364,1.062544073996773,3.669852791605197,0.0006117018041393862,35.02346247421443,35.02346247421443,2999,36.279428962604044,27.590008858253444,38.12173237730819,34.16890761451086,556,9.1296267523761,449,38.12173237730819,2999
1644,Gpol+Vmem,2,100,globalsum,1,2,3.5808994985439173,0.9587621037359076,3.581353556311937,0.0004540577680196556,36.16796368328953,36.02757580015616,2981,31.848563354179674,38.59042983132158,43.164396312253785,30.654495698112516,2999,9.409193142645245,466,38.16170760119648,2446
1645,Gpol+Vmem,2,100,globalsum,1,3,3.6090255660693553,1.0057043932697511,3.6093496357529524,0.00032406968359710575,16.4490955685444,16.262901614787847,2953,8.83583641842859,30.70570763132805,9.122318417378747,8.790175529141415,2942,22.03162128863288,380,8.343215634389523,1349
1646,Gpol+Vmem,2,100,globalsum,1,4,3.505658779405898,0.7492503184563019,3.5063271662029813,0.0006683867970833646,35.789849204757964,31.82458129238725,2638,26.00256679478635,32.7286129033031,43.037586266887395,25.991294858011212,2643,8.60363873426611,413,8.49463123019785,968
1647,Gpol+Vmem,2,100,globalsum,1,5,3.407973998006252,0.7905316510024859,3.4074222338990094,0.0005517641072425583,38.944500734351514,38.72315181452351,2941,35.39183366989884,32.567195629767966,50.958260673495936,35.387576629774195,2935,9.269686547455471,432,36.715034158170155,1196
1738,Gpol+Vmem,2,100,globalsum,2,0,3.429456220578357,0.7999200323504293,3.4288309888100326,0.000625231768324408,26.806954723267857,26.549531012134416,2956,10.511719990258351,9.08742577331819,53.964718037851796,8.965798302977564,2820,8.458238283751799,2985,9.377083676126842,1345
1739,Gpol+Vmem,2,100,globalsum,2,1,3.723286139852689,1.0739325494919778,3.7233786935492383,9.255369654947998e-05,37.80949358851439,31.860830480412915,1071,26.33994277121393,41.53903870029091,34.082054782847855,25.61393488400083,952,8.560981517359203,2002,34.05794009967078,1079
1740,Gpol+Vmem,2,100,globalsum,2,2,3.690261980929408,1.0492040339447792,3.6898515736696305,0.00041040725977747883,32.47338155556421,32.47338155556421,2999,26.032276836517344,15.0903367497518,53.723665943226734,26.032276836517344,2999,8.450327270314354,2681,36.82863622432168,1143
1741,Gpol+Vmem,2,100,globalsum,2,3,3.5344281146059657,0.8823710580905753,3.5348864778266083,0.00045836322064252144,29.761340606887607,20.177109235737035,1179,15.640506228146192,30.456813876161764,17.886347722114657,8.608334405788407,2939,25.995517915033616,347,8.934461692647224,1236
1742,Gpol+Vmem,2,100,globalsum,2,4,3.5530948939988463,0.8569373572296599,3.5534033400001137,0.00030844600126744837,46.03134889275545,31.535867860467533,1288,32.8875858152422,40.675785804021764,10.113496026215552,32.0359358042194,767,9.451048435230629,451,8.58207511516968,1317
1743,Gpol+Vmem,2,100,globalsum,2,5,3.58275557580353,1.0079504184282142,3.584079017063715,0.001323441260185021,30.279213182545625,30.267042948257483,2995,25.547708322751337,29.1574916619682,41.04206492220319,23.36324799086663,866,23.125103005463412,372,38.06489349579835,2908
1648,Gpol-only,1,300,correlation,1,0,0.85619653559182,0.8564698493580633,3.544490149760021,0.0002733137662432883,33.94176523623946,29.224021853671193,2932,13.952183816377183,29.099772863988974,51.18238804536463,13.549459619726,2942,7.888118370968208,297,8.37089020740529,2244
1649,Gpol-only,1,300,correlation,1,1,0.7986033242259044,0.7974137983824203,3.512438706443873,0.001189525843484085,38.187979884605916,34.36654382558085,2825,38.55084344080189,38.29437518763477,9.057463408817654,36.762663980888526,2532,7.894650793459106,295,8.481742813814417,2853
1650,Gpol-only,1,300,correlation,1,2,1.1349718532829018,1.1341546210084335,3.8800164376771256,0.0008172322744683935,47.45872361991979,36.80007449890335,288,39.429561107705844,7.946484489267435,45.9437141270444,39.39026654202568,290,7.896703022710962,301,38.524527473190666,1563
1651,Gpol-only,1,300,correlation,1,3,0.8157288160129544,0.816368913429618,3.5374383792838135,0.0006400974166635987,37.86476305740488,32.83841369501279,2714,34.648104088539235,41.28913071801372,11.236160587994183,34.64063419913602,2708,7.8976379945504185,298,8.509471135105061,2465
1652,Gpol-only,1,300,correlation,1,4,0.760735167798078,0.7605522694146744,3.4848148572471658,0.00018289838340368458,30.37976768239809,23.74285304393684,2636,23.507046597105216,31.531842961321964,12.76325076098715,11.020800633786708,2902,7.928646429911282,301,8.429705983154486,2315
1653,Gpol-only,1,300,correlation,1,5,0.9540960936388411,0.9542767515909021,3.687029580735244,0.0001806579520610141,40.42514481946233,34.888548969112406,2767,37.93388135470633,41.91085930549579,9.301553062857943,33.49785889862003,2454,7.908677375871066,303,8.401971820524082,2797
1744,Gpol-only,1,300,correlation,2,0,1.056388095314003,1.0566731794876625,3.7265369799379036,0.0002850841736594667,36.87492616802087,35.88888922898513,2853,32.890660426680604,29.83315688381224,47.285505481338014,32.889145230541466,2852,7.973835436781026,312,37.922626937176624,1644
1745,Gpol-only,1,300,correlation,2,1,0.9707300860564477,0.970865204114663,3.614346063197256,0.0001351180582153111,24.762638474709846,24.762638474709846,2999,25.557815806697924,32.128544042880876,9.350402518781898,25.4799213080975,2873,7.905282868096586,302,8.47143411610187,2817
1746,Gpol-only,1,300,correlation,2,2,1.1730278969771983,1.1724708488564226,3.9051404137880406,0.0005570481207757272,47.369968184637365,36.777096887853496,288,39.45770575435655,7.917054734351436,45.798269118678405,39.405555061439145,291,7.88527979727461,299,38.495335444784644,1573
1747,Gpol-only,1,300,correlation,2,3,0.937301244159227,0.9374370849616537,3.588744520613527,0.00013584080242667884,26.27562223058589,25.230111573010042,2983,27.657911111134258,29.12504218615105,9.079919172272938,24.973094221396607,2771,7.880321379083151,296,8.516289212220709,2849
1748,Gpol-only,1,300,correlation,2,4,0.8889255689660679,0.8876487787337006,3.5784710913960196,0.0012767902323672642,33.6585469401503,31.866995832790654,2935,26.459106654781966,36.16226562147567,39.5528042128994,24.9718474273142,2672,7.8899265886556345,296,32.71221932371677,1660
1749,Gpol-only,1,300,correlation,2,5,1.0353438458983326,1.0345586760757743,3.7689714421703076,0.0007851698225582737,41.008862711015716,36.68875035687742,290,39.179709868452626,7.930499764734317,46.100708005862835,34.52839555926255,2581,7.900969994009593,301,37.04567740330682,1641
1654,Gpol-only,1,300,globalsum,1,0,3.6308149469056397,0.9801550249493453,3.6306469841227726,0.00016796278286701494,18.81062285087254,18.810622851041888,2999,23.1167477481344,11.408893779546935,9.80123572467576,23.1167477481344,2999,7.898170881592262,297,8.53934224227903,2755
1655,Gpol-only,1,300,globalsum,1,1,3.5881514329195543,0.9334115476610272,3.588213763826112,6.233090655749507e-05,22.97898196814626,19.59073693561448,2941,11.969642748011363,36.3795744906215,9.247675943177798,11.684985453235196,2928,7.887438119807532,299,8.38555230832292,2781
1656,Gpol-only,1,300,globalsum,1,2,3.5618709395600034,0.8995136571131714,3.561554883131834,0.00031605642816945334,23.64975094097223,23.649750941695775,2999,25.925640711931656,27.028581093369482,9.33821389245053,25.471504688740033,2691,7.894004191754567,298,8.438385680137221,2827
1657,Gpol-only,1,300,globalsum,1,3,3.675953455084951,0.9906083761911602,3.6758278587321653,0.0001255963527855286,31.823764146819837,31.823764146819755,2999,26.951429269899386,28.408692094273192,44.520893318264896,25.749332620664642,2879,7.882957305156424,298,36.54132884007286,1641
1658,Gpol-only,1,300,globalsum,1,4,3.7317344097775105,1.0820176681519313,3.7310711234222578,0.0006632863552527013,25.223255531018754,25.223255531020058,2999,29.099018591481244,24.886348819269692,9.573618918705863,29.099018591481244,2999,7.898318536432908,300,8.497947112639153,2784
1659,Gpol-only,1,300,globalsum,1,5,3.6254631943237237,0.9946992839600821,3.6247358522708586,0.0007273420528650654,35.20010104767068,35.200101047670614,2999,41.450554870205586,32.617808908436075,11.686277228469892,39.350264222679066,294,7.884490952569813,301,11.686277228469892,2999
1750,Gpol-only,1,300,globalsum,2,0,3.889919772022133,1.1560823719974302,3.890217502691216,0.0002977306690832293,32.88756440427757,32.53718084474255,2949,27.069995541571714,29.254513850581155,46.15768954234137,26.892131939281867,2929,7.8774003741427014,297,36.473770099709434,1641
1751,Gpol-only,1,300,globalsum,2,1,3.540575795950096,0.9225090610916237,3.5404292971504825,0.00014649879961359247,13.0345966038675,13.0345966038675,2999,10.620261739411369,20.061962016256803,9.466489768717969,9.41783264177771,2932,7.93147246787477,302,8.51763135908537,2786
1752,Gpol-only,1,300,globalsum,2,2,3.6419138821468198,0.981799372433709,3.641605008285211,0.00030887386160882713,22.537713333410586,22.537713333410586,2999,25.33157180004589,23.74098815807658,9.778676071484464,25.26512072301565,2947,7.909684916913344,299,8.406894674272717,2797
1753,Gpol-only,1,300,globalsum,2,3,3.4777024057082278,0.8045080286823193,3.476922196776918,0.0007802089313098115,32.024313983548836,32.024313983548836,2999,39.23350247735178,24.434591192460967,9.174314366496052,36.45850049166807,2726,7.907940324669484,297,8.507539019938655,2900
1754,Gpol-only,1,300,globalsum,2,4,3.5475737597057106,0.8412443062311483,3.5472703225583953,0.0003034371473153996,40.89759518602015,34.47169869137614,2801,38.47499422547968,39.002614344614685,8.755168511923708,36.96004852127597,2523,7.884692491692136,295,8.507113155343585,2823
1755,Gpol-only,1,300,globalsum,2,5,3.604750264031726,0.9700847419718039,3.604435573974285,0.00031469005744089174,20.6603178574967,20.6603178574967,2999,23.535336103985895,20.401585607883113,9.931630034912954,23.535336103985895,2999,7.915136429493811,300,8.546161808499775,2735
1660,Gpol-only,2,300,correlation,1,0,0.7519270345151229,0.7509933165930102,3.4593967304294515,0.0009337179221127201,45.544922041020975,32.69056711081005,2650,40.060828155076585,23.991160395962627,11.485317310523403,24.298267498648713,671,8.225218324814325,296,7.928696639835096,2710
1661,Gpol-only,2,300,correlation,1,1,0.5953229746015423,0.5949304142921397,3.367077463286142,0.0003925603094026009,47.327491344461556,24.469781735462,2524,9.027190027404423,8.465259163909536,50.05290513737331,8.705885313048787,2542,7.993175888861134,2570,40.10662962567716,1474
1662,Gpol-only,2,300,correlation,1,2,0.7542026092872632,0.7542609739403174,3.457872385731009,5.8364653054199245e-05,30.525433873429968,27.18234069763721,2904,12.32144183752419,9.566433090458055,54.32992325710075,8.419207698568137,2603,8.198545858507757,303,40.243995600941204,1420
1663,Gpol-only,2,300,correlation,1,3,0.5651545449679815,0.5645774873309278,3.3731312321698446,0.000577057637053624,44.949640734269366,30.214604180872293,2405,31.623807506973666,9.085592259749237,38.87049742953627,24.895888904239378,726,7.914996595709097,2551,38.7794559634699,2389
1664,Gpol-only,2,300,correlation,1,4,0.8193637598670507,0.8186124609363427,3.523248873357353,0.000751298930708022,45.36220576687318,27.021377115913005,2360,9.667617939412946,39.62818850585507,39.84672647206624,8.356369822373052,2213,8.239011702302069,295,39.78788655842466,1344
1665,Gpol-only,2,300,correlation,1,5,0.5898445721880832,0.589557388533556,3.3392025828580487,0.00028718365452717887,41.118437267292364,24.99779821648371,2479,24.69806993941653,8.262215953778133,34.946191552868925,24.669208297452784,695,8.133372349999208,2501,34.91926195063952,2475
1756,Gpol-only,2,300,correlation,2,0,0.7775456647733071,0.7767015276842466,3.524551758196015,0.0008441370890605038,31.6725631259906,31.445300808500214,2949,35.622682922148535,33.852154714575725,9.193979118327407,25.672970323405757,825,8.233202250499067,292,8.715373264215803,2973
1757,Gpol-only,2,300,correlation,2,1,0.8445311759709243,0.8452712732414882,3.5048967444566723,0.0007400972705638997,37.905747656284404,30.21806984901324,2776,27.235152819011642,29.78916924004961,37.36144282974765,24.93419406446115,757,8.238349651522372,306,8.65913358632593,1402
1758,Gpol-only,2,300,correlation,2,2,0.6871760054690501,0.6870643122512347,3.43559221637645,0.00011169321781545616,45.529108393066835,28.056870255518483,2407,22.614801236560616,8.753185869853679,47.25583876136437,22.612609225549452,2408,8.233323261079038,2489,39.744295320028954,1190
1759,Gpol-only,2,300,correlation,2,3,0.6868733991858258,0.6856970267640871,3.3857277293971864,0.0011763724217387361,37.441247866710015,32.79137603545159,2402,30.75831375527519,10.33111092965695,48.87076260407378,24.8149961738698,705,8.225363453858158,295,39.8815232632664,1213
1760,Gpol-only,2,300,correlation,2,4,0.7586826467466404,0.7586998897360921,3.536740467587203,1.724298945171565e-05,42.773569790616115,18.64875759754438,2446,8.597779588961743,8.496420010486537,36.79186626226347,8.520385987003756,2426,7.962602587059302,2503,36.79176907539959,2447
1761,Gpol-only,2,300,correlation,2,5,0.5832676288697128,0.5827680442672603,3.067741201411569,0.0004995846024525852,38.90587531991909,35.052367369827444,1116,30.373894036625476,40.33460693541967,40.579672060943565,23.852745139667878,2037,8.227869938119618,299,39.22821561287147,1144
1666,Gpol-only,2,300,globalsum,1,0,3.497334830961411,0.8152172158270857,3.496320154082612,0.0010146768787993032,41.38660099737757,32.53319291301187,979,33.59366599739672,42.94614151884347,9.243603200532013,32.92637068254075,896,8.236229512196413,296,8.672232656334653,1003
1667,Gpol-only,2,300,globalsum,1,1,3.4931155078715004,0.8252134948436691,3.4933401519636886,0.0002246440921882531,42.348239128433505,25.128595036221352,2474,8.62461992380693,21.87927528735429,47.64125462587091,8.523452871753078,2448,8.24172588015488,294,40.44889824303231,1371
1668,Gpol-only,2,300,globalsum,1,2,3.26992058890146,0.5666575743104005,3.2703546640759162,0.000434075174456261,36.63708776441134,28.537826720964624,2559,22.46986120711482,8.198307490511695,48.8566328383986,22.35036786098889,2568,8.142259868365523,2532,40.42198992616401,1442
1669,Gpol-only,2,300,globalsum,1,3,3.4178594842582477,0.8008724064392823,3.4167372492509744,0.0011222350072732645,34.926044350157014,33.70994294467111,2494,29.78599926148649,27.75923744516576,46.54629143841029,24.876645376616526,2015,8.223012610490338,298,8.57051532873276,2756
1670,Gpol-only,2,300,globalsum,1,4,3.706730772433158,0.9890010014948915,3.705551447967705,0.0011793244654532131,35.40220718286727,32.75088411152018,2665,29.37732674705219,22.37827367564576,46.94005300620607,21.693896210840297,2236,8.267903384942493,294,8.603178412177213,2944
1671,Gpol-only,2,300,globalsum,1,5,3.463305679626226,0.8082380599627166,3.463922565665696,0.000616886039469744,40.21729114836697,26.849072942660047,2570,16.444880644171523,12.402978073669233,49.89069271860828,8.339901767116627,2214,8.240724881155478,292,39.54096839938984,1286
1762,Gpol-only,2,300,globalsum,2,0,3.547595410704265,0.8793523129281619,3.5482767392464463,0.0006813285421811699,39.68042406192709,33.562053636269496,665,24.121319437261825,32.130435621779064,51.69771474344025,24.116959392740537,663,8.190987428850248,304,37.443256872861156,1859
1763,Gpol-only,2,300,globalsum,2,1,3.0359227935605975,0.5447103083618222,3.0347173828451846,0.0012054107154129134,41.600295076200204,21.287866274073625,2495,11.273861173447903,9.176569457608249,41.12986611512144,8.831654370780537,2309,8.232813775594842,297,39.64464663640452,1286
1764,Gpol-only,2,300,globalsum,2,2,3.7239958281304544,1.0123502773926725,3.7241275041066726,0.00013167597621821514,38.52509192437878,33.128138664984895,1277,34.629647137311075,41.58908767961007,13.928073219057016,30.72961949923356,2644,8.227812410174467,292,8.914283516445629,1047
1765,Gpol-only,2,300,globalsum,2,3,3.465233991283802,0.7701992904328344,3.464981372162287,0.00025261912151508525,42.18177407028084,22.649066661818978,2600,14.769729627702361,10.01459531583573,41.375062638010874,8.702538451474553,2312,8.223097781343775,299,40.24362834372767,1189
1766,Gpol-only,2,300,globalsum,2,4,3.3253379217210988,0.7056982327428485,3.3244752538209656,0.0008626679001331183,32.21438192746602,32.21438192746602,2999,26.45520411710494,31.74789732189635,44.36935913238092,24.546408576805632,655,8.236297248644858,294,39.948834983657996,1199
1767,Gpol-only,2,300,globalsum,2,5,3.4558578597022627,0.7365707306348696,3.4557784331679287,7.942653433401503e-05,35.15575087026344,32.2600579930562,2442,31.168406744258522,8.665353122067485,46.80789505350635,24.463282804369143,674,8.223680973934892,297,40.068302023463374,1204
1672,Gpol+Vmem,1,300,correlation,1,0,0.9945498731591678,0.9942738187011083,3.7563056694504846,0.0002760544580594493,48.91910450019301,30.384597797474246,1530,26.792003811409078,28.97335554279046,39.43042491244786,26.782095633858965,1532,7.935540947335172,304,10.260562537857982,368
1673,Gpol+Vmem,1,300,correlation,1,1,0.7981222288181349,0.7973792486052839,3.5322167673259153,0.0007429802128510188,42.67139460396716,30.793156733632113,1683,35.70085207174616,30.740427610636946,9.01352029757534,35.59865016520633,1661,8.07746725778227,291,8.467470791274222,1707
1674,Gpol+Vmem,1,300,correlation,1,2,0.7708466730449451,0.7707742738614143,3.4635843955072727,7.239918353085795e-05,38.47233614592955,35.22356359696386,1946,35.079326627537405,29.336374372743613,40.59330904400404,35.07731088151283,1949,8.097263458371627,298,9.103597153743054,2683
1675,Gpol+Vmem,1,300,correlation,1,3,0.9518323422169062,0.9519263058521487,3.774198972163057,9.396363524249995e-05,42.042039447703374,34.52544881146583,842,25.898995163585226,32.08254271021153,52.39007658815783,25.898995163585226,842,8.113737803630121,295,10.451944185684175,368
1676,Gpol+Vmem,1,300,correlation,1,4,0.8922849171816138,0.8923033506885841,3.6760391046418905,1.8433506970283453e-05,45.91749293551538,35.037160275164304,856,36.51627911477733,45.50652185967593,10.1060490740884,36.18864442169059,813,8.239191963826753,296,8.405287889400478,2160
1677,Gpol+Vmem,1,300,correlation,1,5,0.8747499003535888,0.8753746920564429,3.6639181678517323,0.0006247917028541217,49.622995664974134,41.67438992886694,289,46.9515828605046,8.078042426458369,46.487250904664975,39.70386065294193,1909,8.070205264944338,295,39.280227222780695,2420
1768,Gpol+Vmem,1,300,correlation,2,0,0.9570732280136179,0.9570573343655114,3.7464799681088614,1.5893648106501956e-05,32.23986026371748,32.21636917265734,2919,8.394540855672174,42.4803032518841,53.39490354839978,8.364351694018625,2907,8.139068114964033,294,8.658124524316946,367
1769,Gpol+Vmem,1,300,correlation,2,1,0.8719439708682102,0.8720277515513633,3.579726986673093,8.378068315306741e-05,34.30761141486422,33.053571547030884,2773,24.744848269018338,40.920438852208875,42.32270160634692,24.74368684497826,2772,8.215655431308129,293,7.985128084389854,823
1770,Gpol+Vmem,1,300,correlation,2,2,0.7454063633081687,0.7445742870252711,3.529792167902727,0.0008320762828976092,28.49417256567723,23.43948617763073,2726,24.374222550443733,30.001893487454872,8.917595598825029,24.370862367788757,2728,7.954464929929117,301,8.502810015192958,2647
1771,Gpol+Vmem,1,300,correlation,2,3,0.8950297866571991,0.8954537526721905,3.631868094058999,0.00042396601499139486,34.32610985616954,32.645795703160005,329,42.53909956082867,7.861359259670513,9.282040714858436,25.19301140307321,2798,7.850055250775382,308,9.278767444919369,327
1772,Gpol+Vmem,1,300,correlation,2,4,0.6986887631708926,0.6976569191096288,3.478168591707236,0.0010318440612637758,44.8043886808131,35.68093288386249,1825,42.388783492622736,32.411309572822745,9.964184327315866,35.50788558723339,2451,8.129568362084873,317,8.723382808100894,1854
1773,Gpol+Vmem,1,300,correlation,2,5,0.7535884726852435,0.7537887838438155,3.475719497959435,0.00020031115857199744,32.92092527583683,30.7715994248278,2929,25.127671225386113,34.17770536069399,39.58506921981599,25.098151235850093,2935,7.807700846030913,375,39.23820226337841,2280
1678,Gpol+Vmem,1,300,globalsum,1,0,3.3669674797014184,0.6915736526850228,3.366225040808985,0.0007424388924333059,42.471940771037765,25.665439486558316,1831,22.91200226861949,38.663559305195236,13.388001325039399,9.433388825419385,751,8.176837120061542,312,8.94141381875568,1553
1679,Gpol+Vmem,1,300,globalsum,1,1,3.547443779756497,0.8502198136505309,3.547240162141417,0.0002036176150799207,40.58881369837458,28.97555528659127,316,22.644350979879526,8.22593262526178,49.829804686427366,22.644350979879526,316,8.211263703181546,308,8.386494437832447,1972
1680,Gpol+Vmem,1,300,globalsum,1,2,3.771537012594649,1.125755222802648,3.7721322816165004,0.0005952690218515855,46.334188802088846,29.429229652671708,349,24.97987339640714,8.512704529480086,48.01306348926564,24.687669317946273,1561,8.211544763674944,300,38.103486668118414,956
1681,Gpol+Vmem,1,300,globalsum,1,3,3.7762199258526072,1.0149100988932929,3.776358939000137,0.0001390131475296208,43.4961143081302,37.713608653199906,2552,37.6291695019368,51.88431489892761,13.023649132979042,37.557632655975326,2565,8.345191219233111,317,8.645693604924965,933
1682,Gpol+Vmem,1,300,globalsum,1,4,3.488269384515082,0.7989658227373517,3.489011845499346,0.000742460984264337,44.51556645933571,32.73221895734045,2082,33.16532474584154,9.6242185797124,44.43042252185097,33.05904010137846,2100,8.259693573244027,315,41.55158827583142,1544
1683,Gpol+Vmem,1,300,globalsum,1,5,3.5119470208037575,0.8343431357354547,3.512463784776638,0.000516763972880252,31.007795516058263,29.985267492307365,2202,38.181350027077045,11.425991171651077,13.334716473773625,8.406030064373471,2930,8.162739310386632,303,8.66181039842936,1838
1774,Gpol+Vmem,1,300,globalsum,2,0,3.4931108942779705,0.8310787471750145,3.492766395412075,0.0003444988658953818,35.645195591355396,32.52454720202162,890,9.059708961143201,43.04470837879239,53.52469529672158,9.059605071576893,889,8.334475245473763,319,10.52029824294547,377
1775,Gpol+Vmem,1,300,globalsum,2,1,3.5416819028590734,0.8200161701183976,3.541866296749786,0.00018439389071245316,35.38313656982907,35.38313656982907,2999,27.28097643879583,36.90116241629195,49.96141238534234,26.458242248315187,2889,8.18840587744735,303,8.379192009342226,763
1776,Gpol+Vmem,1,300,globalsum,2,2,3.663355960513023,0.8014309045982325,3.663011717738405,0.00034424277461786446,45.84076203930384,33.48031002725962,2219,34.96115011352602,33.590908158696735,29.038668257101026,34.44780314996489,2344,8.118266842515997,297,28.944526729725187,2230
1777,Gpol+Vmem,1,300,globalsum,2,3,3.389469652604471,0.6972351854107364,3.3909180919710065,0.0014484393665354922,35.35059267247761,28.99494325963469,2709,26.565151231220025,43.84592782295212,10.906268004298967,26.564418918153937,2711,7.980942872305405,318,8.316269281284557,2426
1778,Gpol+Vmem,1,300,globalsum,2,4,3.4688905584843983,0.793893303512969,3.468425811152071,0.0004647473323271534,32.39004251010357,32.18449769801894,2984,36.220232749185,32.087491930453034,17.490216223470682,36.19165272407276,2959,7.988155534871835,346,8.02455447005928,2556
1779,Gpol+Vmem,1,300,globalsum,2,5,3.627955083811272,0.8818795510877453,3.6265995053784246,0.001355578432847615,33.53480511037802,33.53480511037802,2999,13.010864384202154,44.46575343892837,53.09831676618693,13.010864384202154,2999,8.117073770431551,296,8.757095708011223,308
1684,Gpol+Vmem,2,300,correlation,1,0,0.7445385414484041,0.7446365592178595,3.447927275015386,9.801776945539409e-05,45.20874762431357,31.79772686476653,2031,26.597352433139132,31.834543619884506,42.64453196150807,26.408147399817995,2004,8.861353697834229,370,11.473615452240551,1264
1685,Gpol+Vmem,2,300,correlation,1,1,0.725950468217989,0.7248168038256234,3.518955352618974,0.0011336643923656187,46.25185451823814,24.31700334607851,1596,8.667867664723492,11.904703232276917,49.167102173078035,8.569414584900246,1609,8.991472275949382,369,9.030982606694867,2512
1686,Gpol+Vmem,2,300,correlation,1,2,0.6180944845185704,0.6181143766696823,3.276655451760724,1.9892151111866596e-05,36.96483454116726,36.916421769280205,2668,26.170605115077976,42.96129939943583,51.84363166447331,26.15790669351491,2673,8.269909759711934,321,28.930958713889027,1133
1687,Gpol+Vmem,2,300,correlation,1,3,0.8345180280968225,0.8349164183895822,3.5359201631218276,0.0003983902927596761,34.50949285210411,31.432624678889745,1093,11.45861193104186,40.23218328951614,51.39991732497209,8.77274668190419,902,9.288636261092298,375,8.325091479652064,1734
1688,Gpol+Vmem,2,300,correlation,1,4,0.8415619677409165,0.8424705879799975,3.4943444439679734,0.0009086202390810039,39.63664331693715,33.24854841665808,916,26.51031592318424,51.18866944004795,25.776663641778814,26.458866111350634,903,25.95106908424283,304,25.692027842964198,938
1689,Gpol+Vmem,2,300,correlation,1,5,0.8189480179016134,0.8185198008279286,3.615431036326031,0.000428217073684789,41.22652541017506,34.74315982688836,1970,33.53228010043601,29.131023931901915,42.26132996313148,32.798374819696704,1921,8.55757239734961,360,8.402344623629466,1288
1780,Gpol+Vmem,2,300,correlation,2,0,0.9526977863622426,0.9536812438384458,3.626450721670624,0.0009834574762032089,39.526254463975455,32.1156580421465,1384,33.945035100930355,39.245876540782916,14.153646648254911,33.9441014503124,1383,8.794326125509913,368,8.400107669402303,914
1781,Gpol+Vmem,2,300,correlation,2,1,0.7935579897039899,0.7935532558100166,3.5919131745836985,4.733893973374315e-06,39.14799344388568,32.68761443471221,1278,35.198885857924125,39.76073115453188,10.071116672799583,33.29899036594565,817,8.210748021694371,2653,8.706963953589687,1081
1782,Gpol+Vmem,2,300,correlation,2,2,0.7948572526241234,0.7932538589247016,3.5971457421741713,0.0016033936994218623,40.06563875624759,34.49663956241881,1188,28.790826091864528,50.3596790975906,28.4058022390927,25.604921367174875,837,23.563268300214474,314,28.06621916791314,1201
1783,Gpol+Vmem,2,300,correlation,2,3,0.7801586514159743,0.7788254845304544,3.481172535405726,0.0013331668855198764,23.193389956359518,20.92369291979756,1016,9.236007614101696,41.683716684374055,8.835261787790321,9.222596530245925,1010,8.387245729114076,2690,8.398300033380988,886
1784,Gpol+Vmem,2,300,correlation,2,4,0.8460907948227228,0.8459229536536834,3.632149485080226,0.00016784116903934,34.730895775825324,27.975825687431556,1045,26.797325292459465,40.7804998509907,8.624284967089743,24.287837542205853,764,9.81956873814122,1772,8.26889730230211,1067
1785,Gpol+Vmem,2,300,correlation,2,5,0.7742950897569737,0.774159081806138,3.4338670385483634,0.0001360079508356815,31.761212261744973,24.056357545663037,1135,11.61237078550184,41.42833325400427,24.99479350059784,8.778620471449502,930,8.35985143547814,342,8.622815391227983,2698
1690,Gpol+Vmem,2,300,globalsum,1,0,3.539894368729449,0.8880729163233901,3.539705748874208,0.00018861985524099012,24.60504970890545,24.286637720714598,2920,25.677968999903054,30.122135800523683,9.325178705095357,25.677968999903054,2920,9.219729067269776,1803,8.35096059158966,883
1691,Gpol+Vmem,2,300,globalsum,1,1,3.2333930636860386,0.7205157287637215,3.232542636864334,0.000850426821704442,16.511035530940244,16.51058113615721,2997,8.492173517104327,31.466560718251614,9.469611637367763,8.489335739210835,2999,25.6377459104312,288,8.462514768019663,2822
1692,Gpol+Vmem,2,300,globalsum,1,2,3.5165527754832255,0.9084335400704362,3.516231769632521,0.00032100585070438115,33.64453918054683,21.25480389046834,1489,8.856127241707705,41.06544136134592,14.585087104468466,8.658095522907162,1505,24.95485058766901,309,8.584312288618326,1170
1693,Gpol+Vmem,2,300,globalsum,1,3,3.4897600187672757,0.7807773159101045,3.489950551042993,0.00019053227571719233,40.87972425659934,34.00227626304017,1731,36.821336588620824,29.435967584472685,30.222794304250147,36.72640522157676,1708,25.4545882098436,313,24.795491650097713,1283
1694,Gpol+Vmem,2,300,globalsum,1,4,3.4843534398939378,0.7845015766125569,3.484234137166988,0.00011930272694993249,42.35298395179523,34.32053314039446,2670,44.71212813964991,8.679918466354355,9.507326203395941,26.11114346547071,1424,8.543968362802985,2632,8.547695244085345,2699
1695,Gpol+Vmem,2,300,globalsum,1,5,3.455087138596541,0.833468059755272,3.454442961254259,0.0006441773422820596,28.587331974265524,28.584003146400974,2996,27.188277792253434,41.35414472381557,11.467604374115094,27.18745888075474,2997,8.599436195712036,340,8.39489425578034,2732
1786,Gpol+Vmem,2,300,globalsum,2,0,3.3157854748244087,0.710539631032198,3.3154996932973138,0.00028578152709490823,33.90700588907592,33.90700588907592,2999,27.034154632349416,29.711051721439674,50.33417248880122,26.31428536281937,2864,8.787648786498123,389,9.219419540816396,956
1787,Gpol+Vmem,2,300,globalsum,2,1,3.4151625881173397,0.7926542493667667,3.413256497061406,0.0019060910559338673,33.63133642690418,33.63133642690418,2999,24.73882169419808,28.512110118968373,53.2291880994736,24.73882169419808,2999,8.691698302424403,387,43.87300528694822,1521
1788,Gpol+Vmem,2,300,globalsum,2,2,3.7293368819412294,0.9816529387324298,3.728520704523962,0.0008161774172674718,36.840781473440416,36.83728743249894,2990,37.01939920582287,42.788911239676914,29.106931131445567,37.017718955428705,2995,8.954431495054031,388,28.647545430423254,2788
1789,Gpol+Vmem,2,300,globalsum,2,3,3.474618823178847,0.8675535369705104,3.474971161124902,0.000352337946055048,32.87277359127901,32.76351589320933,2940,36.005157711131254,28.419045685520178,27.29086601856379,35.99897397175828,2936,9.377572569084089,406,27.24467017024958,2999
1790,Gpol+Vmem,2,300,globalsum,2,4,3.566668001804362,0.9099815519513526,3.566715319465801,4.731766143883931e-05,36.10828474753365,35.50135460172899,1357,40.16341452701056,38.81209783292223,8.581195594302303,35.59540306891056,2999,8.581427760656489,353,8.336489746498325,1297
1791,Gpol+Vmem,2,300,globalsum,2,5,3.63945049442757,0.9370666189253386,3.6384575953239198,0.000992899103650302,35.617514741266596,35.579998754528994,2979,36.74261402820842,29.09204074042243,38.22699905772362,36.73011254763895,2988,8.282863009743627,317,37.6721568996544,2918
